/* Generated from Espressif os02n10_default_p4_eco5.json (ESPRESSIF MIT). */
#pragma once
#include <stdint.h>

static const uint16_t kOs02n10Lsc0c0[] = {
  0x015f, 0x014b, 0x013c, 0x0134, 0x012b, 0x0123, 0x011d, 0x0117, 0x0118, 0x0112, 0x010e, 0x0113, 0x010e, 0x010a, 0x010b, 0x010d,
  0x0111, 0x0113, 0x0112, 0x0117, 0x011a, 0x0122, 0x0127, 0x0131, 0x0138, 0x0148, 0x015a, 0x0172, 0x0189, 0x01ac, 0x01d6, 0x0155,
  0x0147, 0x013a, 0x0130, 0x0128, 0x0121, 0x011b, 0x0117, 0x0113, 0x0111, 0x010f, 0x010d, 0x010c, 0x010a, 0x010a, 0x010c, 0x010d,
  0x010f, 0x0111, 0x0114, 0x0119, 0x011e, 0x0125, 0x012c, 0x0137, 0x0144, 0x0156, 0x016a, 0x0183, 0x019f, 0x01bd, 0x014d, 0x0141,
  0x0136, 0x012d, 0x0125, 0x011e, 0x0118, 0x0114, 0x0111, 0x010e, 0x010c, 0x010b, 0x0109, 0x0109, 0x0109, 0x0109, 0x010b, 0x010d,
  0x010f, 0x0112, 0x0116, 0x011b, 0x0121, 0x0129, 0x0133, 0x0140, 0x0150, 0x0163, 0x0179, 0x0192, 0x01a8, 0x0143, 0x013c, 0x0132,
  0x0129, 0x0121, 0x011b, 0x0116, 0x0112, 0x010e, 0x010c, 0x010a, 0x0108, 0x0107, 0x0107, 0x0107, 0x0107, 0x0109, 0x010a, 0x010c,
  0x010f, 0x0113, 0x0118, 0x011e, 0x0125, 0x012f, 0x013b, 0x014a, 0x015c, 0x0170, 0x0187, 0x019e, 0x0143, 0x0138, 0x012e, 0x0126,
  0x011e, 0x0118, 0x0113, 0x010f, 0x010c, 0x010a, 0x0108, 0x0106, 0x0106, 0x0105, 0x0105, 0x0106, 0x0107, 0x0108, 0x010a, 0x010d,
  0x0110, 0x0115, 0x011a, 0x0122, 0x012b, 0x0136, 0x0144, 0x0155, 0x0168, 0x017e, 0x0196, 0x0141, 0x0135, 0x012b, 0x0123, 0x011c,
  0x0116, 0x0112, 0x010e, 0x010b, 0x0108, 0x0106, 0x0105, 0x0104, 0x0104, 0x0104, 0x0104, 0x0105, 0x0107, 0x0109, 0x010b, 0x010e,
  0x0113, 0x0118, 0x011f, 0x0127, 0x0132, 0x013f, 0x014f, 0x0162, 0x0176, 0x018a, 0x013b, 0x0132, 0x0129, 0x0121, 0x011a, 0x0115,
  0x0110, 0x010c, 0x0109, 0x0107, 0x0105, 0x0104, 0x0103, 0x0102, 0x0102, 0x0103, 0x0104, 0x0105, 0x0107, 0x010a, 0x010d, 0x0111,
  0x0116, 0x011d, 0x0125, 0x012f, 0x013c, 0x014b, 0x015d, 0x0171, 0x0186, 0x0137, 0x012f, 0x0127, 0x0120, 0x0119, 0x0114, 0x010f,
  0x010c, 0x0109, 0x0106, 0x0104, 0x0103, 0x0102, 0x0102, 0x0102, 0x0102, 0x0103, 0x0105, 0x0106, 0x0109, 0x010c, 0x0110, 0x0115,
  0x011b, 0x0123, 0x012d, 0x013a, 0x0149, 0x015a, 0x016d, 0x0180, 0x0136, 0x012e, 0x0126, 0x011f, 0x0118, 0x0113, 0x010f, 0x010b,
  0x0108, 0x0106, 0x0104, 0x0103, 0x0102, 0x0101, 0x0101, 0x0102, 0x0103, 0x0104, 0x0106, 0x0108, 0x010c, 0x010f, 0x0114, 0x011b,
  0x0123, 0x012d, 0x0139, 0x0148, 0x0159, 0x016b, 0x017d, 0x0135, 0x012d, 0x0126, 0x011f, 0x0118, 0x0113, 0x010f, 0x010b, 0x0108,
  0x0106, 0x0104, 0x0103, 0x0102, 0x0102, 0x0101, 0x0102, 0x0103, 0x0104, 0x0106, 0x0109, 0x010c, 0x0110, 0x0115, 0x011b, 0x0123,
  0x012d, 0x0139, 0x0148, 0x0159, 0x016b, 0x0182, 0x0136, 0x012e, 0x0126, 0x011f, 0x0119, 0x0114, 0x010f, 0x010c, 0x0109, 0x0107,
  0x0105, 0x0104, 0x0103, 0x0102, 0x0102, 0x0102, 0x0103, 0x0105, 0x0107, 0x0109, 0x010c, 0x0110, 0x0115, 0x011c, 0x0124, 0x012e,
  0x013a, 0x0149, 0x015a, 0x016d, 0x017d, 0x0137, 0x0130, 0x0128, 0x0120, 0x011a, 0x0115, 0x0110, 0x010d, 0x010a, 0x0108, 0x0106,
  0x0105, 0x0104, 0x0103, 0x0103, 0x0103, 0x0104, 0x0106, 0x0108, 0x010a, 0x010d, 0x0111, 0x0117, 0x011d, 0x0125, 0x0130, 0x013c,
  0x014b, 0x015d, 0x0170, 0x0185, 0x013e, 0x0132, 0x012a, 0x0122, 0x011b, 0x0116, 0x0112, 0x010e, 0x010b, 0x0109, 0x0107, 0x0106,
  0x0105, 0x0104, 0x0104, 0x0105, 0x0106, 0x0107, 0x0109, 0x010c, 0x010f, 0x0113, 0x0118, 0x011f, 0x0128, 0x0132, 0x013f, 0x014f,
  0x0162, 0x0176, 0x018c, 0x013c, 0x0135, 0x012c, 0x0124, 0x011d, 0x0118, 0x0113, 0x0110, 0x010d, 0x010b, 0x0109, 0x0107, 0x0106,
  0x0106, 0x0106, 0x0106, 0x0107, 0x0109, 0x010b, 0x010d, 0x0111, 0x0115, 0x011a, 0x0121, 0x012a, 0x0136, 0x0143, 0x0154, 0x0167,
  0x017c, 0x0193, 0x0143, 0x0139, 0x012f, 0x0127, 0x011f, 0x011a, 0x0115, 0x0111, 0x010e, 0x010c, 0x010a, 0x0109, 0x0108, 0x0108,
  0x0107, 0x0108, 0x0109, 0x010a, 0x010c, 0x010f, 0x0112, 0x0117, 0x011d, 0x0124, 0x012e, 0x0139, 0x0148, 0x0159, 0x016e, 0x0185,
  0x019a, 0x014a, 0x013d, 0x0132, 0x0129, 0x0121, 0x011b, 0x0116, 0x0113, 0x0110, 0x010e, 0x010c, 0x010a, 0x0109, 0x0109, 0x0109,
  0x0109, 0x010a, 0x010c, 0x010e, 0x0111, 0x0114, 0x0119, 0x011f, 0x0127, 0x0131, 0x013d, 0x014c, 0x015f, 0x0175, 0x018e, 0x01aa,
  0x014f, 0x0141, 0x0134, 0x012a, 0x0122, 0x011c, 0x0117, 0x0114, 0x0111, 0x010f, 0x010d, 0x010c, 0x010b, 0x010a, 0x010a, 0x010b,
  0x010c, 0x010d, 0x010f, 0x0112, 0x0115, 0x011a, 0x0120, 0x0129, 0x0133, 0x0140, 0x0150, 0x0164, 0x017c, 0x0199, 0x01b9, 0x0155,
  0x0141, 0x0134, 0x012a, 0x0124, 0x011a, 0x011a, 0x0113, 0x0114, 0x010f, 0x010d, 0x010c, 0x010d, 0x0109, 0x010a, 0x010d, 0x010d,
  0x010d, 0x0113, 0x0112, 0x0117, 0x0117, 0x0124, 0x0126, 0x0136, 0x0140, 0x0156, 0x0162, 0x0181, 0x01a1, 0x01ca,
};

static const uint16_t kOs02n10Lsc0c1[] = {
  0x015c, 0x0143, 0x0135, 0x012d, 0x0122, 0x0121, 0x011d, 0x0118, 0x0115, 0x0112, 0x0112, 0x0110, 0x010e, 0x010e, 0x010d, 0x010e,
  0x0110, 0x0112, 0x0114, 0x0117, 0x011b, 0x0123, 0x0127, 0x012a, 0x0136, 0x0144, 0x0156, 0x016a, 0x0180, 0x01a2, 0x01c6, 0x014a,
  0x0140, 0x0134, 0x012a, 0x0123, 0x011d, 0x0119, 0x0115, 0x0112, 0x0110, 0x010f, 0x010d, 0x010c, 0x010c, 0x010c, 0x010c, 0x010e,
  0x010f, 0x0112, 0x0114, 0x0119, 0x011d, 0x0123, 0x012a, 0x0133, 0x0140, 0x0150, 0x0163, 0x017b, 0x0195, 0x01b2, 0x0144, 0x013a,
  0x0130, 0x0127, 0x0120, 0x011a, 0x0116, 0x0113, 0x0110, 0x010e, 0x010c, 0x010b, 0x010a, 0x010a, 0x010a, 0x010a, 0x010b, 0x010d,
  0x010f, 0x0112, 0x0115, 0x011a, 0x011f, 0x0126, 0x0130, 0x013c, 0x014a, 0x015c, 0x0172, 0x0189, 0x019e, 0x0141, 0x0136, 0x012c,
  0x0124, 0x011d, 0x0118, 0x0113, 0x0110, 0x010d, 0x010b, 0x0109, 0x0108, 0x0108, 0x0107, 0x0107, 0x0108, 0x0109, 0x010a, 0x010c,
  0x010f, 0x0112, 0x0116, 0x011c, 0x0122, 0x012b, 0x0136, 0x0144, 0x0155, 0x0169, 0x017e, 0x0194, 0x013b, 0x0132, 0x0129, 0x0121,
  0x011a, 0x0115, 0x0111, 0x010d, 0x010b, 0x0109, 0x0107, 0x0106, 0x0106, 0x0105, 0x0106, 0x0106, 0x0107, 0x0108, 0x010a, 0x010d,
  0x0110, 0x0113, 0x0118, 0x011f, 0x0127, 0x0132, 0x013f, 0x014f, 0x0161, 0x0175, 0x018d, 0x0137, 0x012e, 0x0125, 0x011e, 0x0118,
  0x0113, 0x010f, 0x010c, 0x0109, 0x0107, 0x0106, 0x0105, 0x0104, 0x0104, 0x0104, 0x0104, 0x0105, 0x0107, 0x0108, 0x010b, 0x010d,
  0x0111, 0x0116, 0x011c, 0x0124, 0x012e, 0x013a, 0x0149, 0x015b, 0x016f, 0x0181, 0x0133, 0x012a, 0x0123, 0x011c, 0x0116, 0x0111,
  0x010d, 0x010a, 0x0108, 0x0106, 0x0104, 0x0103, 0x0103, 0x0103, 0x0103, 0x0103, 0x0104, 0x0105, 0x0107, 0x0109, 0x010c, 0x010f,
  0x0114, 0x011a, 0x0121, 0x012b, 0x0137, 0x0145, 0x0156, 0x0169, 0x0180, 0x012e, 0x0128, 0x0121, 0x011a, 0x0114, 0x0110, 0x010c,
  0x0109, 0x0107, 0x0105, 0x0104, 0x0103, 0x0102, 0x0102, 0x0102, 0x0102, 0x0103, 0x0104, 0x0106, 0x0108, 0x010b, 0x010e, 0x0113,
  0x0118, 0x011f, 0x0129, 0x0134, 0x0142, 0x0153, 0x0166, 0x0176, 0x012f, 0x0126, 0x0120, 0x0119, 0x0114, 0x010f, 0x010c, 0x0109,
  0x0107, 0x0105, 0x0103, 0x0102, 0x0102, 0x0101, 0x0101, 0x0102, 0x0103, 0x0104, 0x0106, 0x0108, 0x010a, 0x010e, 0x0112, 0x0117,
  0x011f, 0x0128, 0x0133, 0x0141, 0x0152, 0x0164, 0x0178, 0x012c, 0x0126, 0x011f, 0x0119, 0x0114, 0x010f, 0x010c, 0x0109, 0x0107,
  0x0105, 0x0103, 0x0102, 0x0102, 0x0101, 0x0101, 0x0102, 0x0103, 0x0104, 0x0106, 0x0108, 0x010a, 0x010e, 0x0112, 0x0118, 0x011f,
  0x0128, 0x0133, 0x0141, 0x0152, 0x0164, 0x0177, 0x012e, 0x0127, 0x0120, 0x011a, 0x0114, 0x0110, 0x010c, 0x0109, 0x0107, 0x0105,
  0x0104, 0x0103, 0x0102, 0x0102, 0x0102, 0x0102, 0x0103, 0x0105, 0x0106, 0x0108, 0x010b, 0x010e, 0x0113, 0x0118, 0x011f, 0x0129,
  0x0134, 0x0142, 0x0153, 0x0166, 0x017a, 0x0130, 0x0128, 0x0121, 0x011b, 0x0115, 0x0111, 0x010d, 0x010a, 0x0108, 0x0106, 0x0105,
  0x0104, 0x0103, 0x0103, 0x0103, 0x0103, 0x0104, 0x0105, 0x0107, 0x0109, 0x010c, 0x010f, 0x0114, 0x011a, 0x0121, 0x012a, 0x0136,
  0x0145, 0x0156, 0x0169, 0x017e, 0x0132, 0x012b, 0x0123, 0x011d, 0x0117, 0x0112, 0x010f, 0x010c, 0x010a, 0x0108, 0x0106, 0x0105,
  0x0105, 0x0104, 0x0104, 0x0105, 0x0105, 0x0107, 0x0108, 0x010b, 0x010d, 0x0111, 0x0116, 0x011c, 0x0123, 0x012d, 0x0139, 0x0148,
  0x015a, 0x016d, 0x0181, 0x013a, 0x012e, 0x0126, 0x011f, 0x0119, 0x0114, 0x0110, 0x010e, 0x010b, 0x0109, 0x0108, 0x0107, 0x0106,
  0x0106, 0x0106, 0x0106, 0x0107, 0x0108, 0x010a, 0x010c, 0x010f, 0x0113, 0x0118, 0x011e, 0x0126, 0x0130, 0x013d, 0x014d, 0x015f,
  0x0174, 0x018a, 0x013a, 0x0132, 0x0129, 0x0121, 0x011b, 0x0116, 0x0112, 0x010f, 0x010d, 0x010b, 0x010a, 0x0109, 0x0108, 0x0108,
  0x0108, 0x0108, 0x0109, 0x010a, 0x010c, 0x010e, 0x0111, 0x0115, 0x011a, 0x0121, 0x0129, 0x0134, 0x0142, 0x0152, 0x0166, 0x017b,
  0x0193, 0x013f, 0x0135, 0x012c, 0x0124, 0x011d, 0x0118, 0x0114, 0x0111, 0x010f, 0x010e, 0x010c, 0x010b, 0x010a, 0x010a, 0x010a,
  0x010a, 0x010b, 0x010c, 0x010e, 0x0110, 0x0113, 0x0117, 0x011d, 0x0123, 0x012c, 0x0138, 0x0146, 0x0158, 0x016d, 0x0184, 0x019b,
  0x0144, 0x013a, 0x012f, 0x0126, 0x011f, 0x011a, 0x0116, 0x0113, 0x0112, 0x0110, 0x010e, 0x010d, 0x010c, 0x010c, 0x010c, 0x010c,
  0x010d, 0x010e, 0x0110, 0x0112, 0x0116, 0x0119, 0x011e, 0x0125, 0x012e, 0x013b, 0x014a, 0x015d, 0x0173, 0x018d, 0x01aa, 0x014f,
  0x013e, 0x0131, 0x0125, 0x0120, 0x011b, 0x0116, 0x0116, 0x0113, 0x0114, 0x0110, 0x010e, 0x010d, 0x0110, 0x010d, 0x0110, 0x010f,
  0x0110, 0x0111, 0x0115, 0x0117, 0x011c, 0x0120, 0x0125, 0x012f, 0x013c, 0x014e, 0x0160, 0x017a, 0x0194, 0x01b8,
};

static const uint16_t kOs02n10Lsc0c2[] = {
  0x0156, 0x0145, 0x0136, 0x012e, 0x0127, 0x011f, 0x011c, 0x0114, 0x0114, 0x0111, 0x010e, 0x010f, 0x010c, 0x010c, 0x010c, 0x010d,
  0x010f, 0x010f, 0x0114, 0x0114, 0x0119, 0x011e, 0x0124, 0x012d, 0x0138, 0x0143, 0x0154, 0x0167, 0x0182, 0x01a1, 0x01c1, 0x014e,
  0x0141, 0x0135, 0x012b, 0x0124, 0x011d, 0x0118, 0x0114, 0x0111, 0x010f, 0x010d, 0x010b, 0x010b, 0x010a, 0x010a, 0x010b, 0x010c,
  0x010e, 0x0110, 0x0113, 0x0116, 0x011b, 0x0121, 0x0129, 0x0133, 0x0140, 0x014f, 0x0162, 0x017a, 0x0194, 0x01aa, 0x0147, 0x013b,
  0x0131, 0x0128, 0x0120, 0x011a, 0x0115, 0x0112, 0x010f, 0x010c, 0x010b, 0x0109, 0x0109, 0x0108, 0x0108, 0x0109, 0x010a, 0x010b,
  0x010e, 0x0110, 0x0114, 0x0118, 0x011e, 0x0126, 0x012f, 0x013b, 0x014a, 0x015c, 0x0171, 0x0188, 0x01a1, 0x013e, 0x0136, 0x012d,
  0x0124, 0x011d, 0x0118, 0x0113, 0x010f, 0x010c, 0x010a, 0x0109, 0x0107, 0x0107, 0x0106, 0x0106, 0x0107, 0x0108, 0x0109, 0x010b,
  0x010e, 0x0111, 0x0115, 0x011b, 0x0122, 0x012b, 0x0136, 0x0144, 0x0154, 0x0168, 0x017e, 0x0196, 0x013b, 0x0131, 0x0129, 0x0121,
  0x011a, 0x0115, 0x0111, 0x010d, 0x010a, 0x0108, 0x0107, 0x0106, 0x0105, 0x0105, 0x0105, 0x0105, 0x0106, 0x0107, 0x0109, 0x010c,
  0x010f, 0x0113, 0x0118, 0x011e, 0x0127, 0x0131, 0x013e, 0x014e, 0x0161, 0x0175, 0x018d, 0x0136, 0x012e, 0x0126, 0x011e, 0x0118,
  0x0113, 0x010f, 0x010b, 0x0109, 0x0107, 0x0105, 0x0104, 0x0104, 0x0103, 0x0103, 0x0104, 0x0105, 0x0106, 0x0108, 0x010a, 0x010d,
  0x0111, 0x0115, 0x011c, 0x0123, 0x012d, 0x013a, 0x0149, 0x015a, 0x016e, 0x0182, 0x0134, 0x012c, 0x0124, 0x011c, 0x0116, 0x0111,
  0x010d, 0x010a, 0x0108, 0x0106, 0x0104, 0x0103, 0x0102, 0x0102, 0x0102, 0x0103, 0x0103, 0x0105, 0x0106, 0x0109, 0x010b, 0x010f,
  0x0114, 0x0119, 0x0121, 0x012a, 0x0136, 0x0145, 0x0156, 0x0168, 0x017a, 0x0133, 0x012a, 0x0122, 0x011b, 0x0115, 0x0110, 0x010d,
  0x010a, 0x0107, 0x0105, 0x0104, 0x0103, 0x0102, 0x0101, 0x0101, 0x0102, 0x0103, 0x0104, 0x0106, 0x0108, 0x010b, 0x010e, 0x0112,
  0x0118, 0x011f, 0x0129, 0x0134, 0x0142, 0x0153, 0x0164, 0x0177, 0x0130, 0x0128, 0x0121, 0x011a, 0x0115, 0x0110, 0x010c, 0x0109,
  0x0107, 0x0105, 0x0103, 0x0102, 0x0102, 0x0101, 0x0101, 0x0102, 0x0102, 0x0104, 0x0105, 0x0108, 0x010a, 0x010e, 0x0112, 0x0118,
  0x011f, 0x0128, 0x0133, 0x0141, 0x0151, 0x0163, 0x0175, 0x012c, 0x0128, 0x0121, 0x011a, 0x0115, 0x0110, 0x010c, 0x0109, 0x0107,
  0x0105, 0x0104, 0x0103, 0x0102, 0x0101, 0x0101, 0x0102, 0x0103, 0x0104, 0x0105, 0x0108, 0x010a, 0x010e, 0x0112, 0x0118, 0x011f,
  0x0128, 0x0133, 0x0141, 0x0152, 0x0164, 0x0178, 0x0132, 0x0129, 0x0122, 0x011b, 0x0115, 0x0111, 0x010d, 0x010a, 0x0108, 0x0106,
  0x0104, 0x0103, 0x0102, 0x0102, 0x0102, 0x0102, 0x0103, 0x0104, 0x0106, 0x0108, 0x010b, 0x010e, 0x0113, 0x0118, 0x0120, 0x0129,
  0x0134, 0x0143, 0x0153, 0x0166, 0x017a, 0x0134, 0x012b, 0x0123, 0x011c, 0x0116, 0x0112, 0x010e, 0x010b, 0x0109, 0x0107, 0x0105,
  0x0104, 0x0103, 0x0103, 0x0103, 0x0103, 0x0104, 0x0105, 0x0107, 0x0109, 0x010c, 0x0110, 0x0114, 0x011a, 0x0121, 0x012b, 0x0137,
  0x0145, 0x0156, 0x0169, 0x017c, 0x0137, 0x012d, 0x0125, 0x011e, 0x0118, 0x0113, 0x0110, 0x010d, 0x010a, 0x0108, 0x0107, 0x0106,
  0x0105, 0x0104, 0x0104, 0x0105, 0x0105, 0x0107, 0x0108, 0x010b, 0x010e, 0x0111, 0x0116, 0x011c, 0x0124, 0x012d, 0x013a, 0x0149,
  0x015b, 0x016e, 0x0186, 0x0137, 0x012f, 0x0127, 0x0120, 0x011a, 0x0115, 0x0111, 0x010e, 0x010c, 0x010a, 0x0108, 0x0107, 0x0106,
  0x0106, 0x0106, 0x0106, 0x0107, 0x0108, 0x010a, 0x010d, 0x010f, 0x0113, 0x0118, 0x011f, 0x0127, 0x0131, 0x013e, 0x014d, 0x0160,
  0x0175, 0x0188, 0x013a, 0x0133, 0x012a, 0x0123, 0x011c, 0x0117, 0x0113, 0x0110, 0x010e, 0x010c, 0x010a, 0x0109, 0x0108, 0x0108,
  0x0108, 0x0108, 0x0109, 0x010a, 0x010c, 0x010f, 0x0112, 0x0116, 0x011b, 0x0121, 0x012a, 0x0135, 0x0142, 0x0153, 0x0167, 0x017c,
  0x0198, 0x0140, 0x0137, 0x012e, 0x0126, 0x011f, 0x011a, 0x0115, 0x0112, 0x0110, 0x010e, 0x010d, 0x010b, 0x010a, 0x010a, 0x010a,
  0x010a, 0x010b, 0x010c, 0x010e, 0x0111, 0x0114, 0x0118, 0x011d, 0x0124, 0x012d, 0x0139, 0x0147, 0x0159, 0x016e, 0x0185, 0x019b,
  0x0148, 0x013c, 0x0131, 0x0128, 0x0121, 0x011b, 0x0117, 0x0114, 0x0111, 0x0110, 0x010f, 0x010e, 0x010c, 0x010c, 0x010b, 0x010c,
  0x010d, 0x010e, 0x0110, 0x0113, 0x0116, 0x011a, 0x011f, 0x0126, 0x0130, 0x013c, 0x014b, 0x015e, 0x0174, 0x018e, 0x01ac, 0x0150,
  0x013e, 0x0134, 0x012a, 0x0122, 0x011c, 0x011b, 0x0117, 0x0111, 0x0112, 0x0114, 0x0111, 0x010f, 0x010c, 0x010e, 0x010d, 0x010f,
  0x0110, 0x0113, 0x0113, 0x0119, 0x011d, 0x011f, 0x0128, 0x0130, 0x0141, 0x014f, 0x0161, 0x017b, 0x0193, 0x01bb,
};

static const uint16_t kOs02n10Lsc0c3[] = {
  0x0154, 0x0144, 0x0132, 0x012b, 0x0122, 0x011d, 0x0119, 0x0118, 0x0116, 0x010f, 0x0110, 0x010f, 0x010e, 0x010a, 0x010a, 0x010a,
  0x010d, 0x010e, 0x0110, 0x0115, 0x011a, 0x0120, 0x0125, 0x012e, 0x0139, 0x013d, 0x0157, 0x0169, 0x0180, 0x01a0, 0x01bd, 0x0147,
  0x013c, 0x0131, 0x0127, 0x0120, 0x011a, 0x0116, 0x0114, 0x0111, 0x010f, 0x010d, 0x010c, 0x010a, 0x0109, 0x0109, 0x010a, 0x010b,
  0x010c, 0x010f, 0x0112, 0x0116, 0x011b, 0x0121, 0x0129, 0x0132, 0x013f, 0x014e, 0x0162, 0x0178, 0x0192, 0x01b2, 0x0141, 0x0136,
  0x012c, 0x0124, 0x011d, 0x0118, 0x0113, 0x0110, 0x010e, 0x010c, 0x010a, 0x0109, 0x0108, 0x0108, 0x0107, 0x0108, 0x0109, 0x010a,
  0x010c, 0x010f, 0x0113, 0x0118, 0x011d, 0x0125, 0x012e, 0x0139, 0x0148, 0x015a, 0x016f, 0x0186, 0x0198, 0x0139, 0x0130, 0x0128,
  0x0120, 0x011a, 0x0115, 0x0111, 0x010d, 0x010b, 0x0109, 0x0108, 0x0107, 0x0106, 0x0106, 0x0106, 0x0106, 0x0107, 0x0108, 0x010a,
  0x010d, 0x0110, 0x0114, 0x0119, 0x0120, 0x0129, 0x0134, 0x0142, 0x0152, 0x0165, 0x017a, 0x0193, 0x0133, 0x012c, 0x0124, 0x011d,
  0x0117, 0x0112, 0x010e, 0x010b, 0x0109, 0x0107, 0x0106, 0x0105, 0x0104, 0x0104, 0x0104, 0x0105, 0x0105, 0x0107, 0x0108, 0x010a,
  0x010d, 0x0111, 0x0116, 0x011c, 0x0124, 0x012f, 0x013c, 0x014b, 0x015d, 0x0171, 0x0188, 0x0131, 0x0129, 0x0122, 0x011b, 0x0115,
  0x0110, 0x010c, 0x010a, 0x0107, 0x0106, 0x0104, 0x0104, 0x0103, 0x0103, 0x0103, 0x0103, 0x0104, 0x0105, 0x0107, 0x0109, 0x010b,
  0x010f, 0x0113, 0x0119, 0x0121, 0x012b, 0x0137, 0x0146, 0x0157, 0x0169, 0x017b, 0x0130, 0x0128, 0x0120, 0x0119, 0x0113, 0x010f,
  0x010b, 0x0108, 0x0106, 0x0105, 0x0103, 0x0103, 0x0102, 0x0102, 0x0102, 0x0102, 0x0103, 0x0104, 0x0106, 0x0108, 0x010a, 0x010d,
  0x0111, 0x0117, 0x011e, 0x0128, 0x0133, 0x0142, 0x0152, 0x0165, 0x0175, 0x0134, 0x0127, 0x011f, 0x0118, 0x0112, 0x010e, 0x010a,
  0x0108, 0x0106, 0x0104, 0x0103, 0x0102, 0x0102, 0x0101, 0x0101, 0x0102, 0x0103, 0x0104, 0x0105, 0x0107, 0x0109, 0x010c, 0x0110,
  0x0116, 0x011d, 0x0126, 0x0131, 0x013f, 0x0150, 0x0162, 0x0179, 0x012c, 0x0126, 0x011e, 0x0117, 0x0112, 0x010d, 0x010a, 0x0108,
  0x0106, 0x0104, 0x0103, 0x0102, 0x0101, 0x0101, 0x0101, 0x0102, 0x0102, 0x0103, 0x0105, 0x0106, 0x0109, 0x010c, 0x0110, 0x0115,
  0x011c, 0x0125, 0x0130, 0x013e, 0x014e, 0x0161, 0x0172, 0x012c, 0x0124, 0x011d, 0x0117, 0x0112, 0x010e, 0x010a, 0x0108, 0x0106,
  0x0104, 0x0103, 0x0102, 0x0101, 0x0101, 0x0101, 0x0102, 0x0102, 0x0103, 0x0105, 0x0107, 0x0109, 0x010c, 0x0110, 0x0115, 0x011c,
  0x0125, 0x0130, 0x013e, 0x014e, 0x0160, 0x0179, 0x012b, 0x0125, 0x011e, 0x0118, 0x0112, 0x010e, 0x010b, 0x0108, 0x0106, 0x0105,
  0x0104, 0x0103, 0x0102, 0x0102, 0x0102, 0x0102, 0x0103, 0x0104, 0x0105, 0x0107, 0x0109, 0x010c, 0x0110, 0x0116, 0x011d, 0x0126,
  0x0131, 0x013f, 0x014f, 0x0162, 0x0170, 0x0130, 0x0127, 0x011f, 0x0119, 0x0113, 0x010f, 0x010c, 0x0109, 0x0107, 0x0106, 0x0105,
  0x0104, 0x0103, 0x0103, 0x0103, 0x0103, 0x0104, 0x0105, 0x0106, 0x0108, 0x010a, 0x010d, 0x0112, 0x0117, 0x011e, 0x0127, 0x0133,
  0x0141, 0x0152, 0x0164, 0x017d, 0x0133, 0x012a, 0x0122, 0x011a, 0x0115, 0x0110, 0x010d, 0x010b, 0x0109, 0x0107, 0x0106, 0x0105,
  0x0104, 0x0104, 0x0104, 0x0104, 0x0105, 0x0106, 0x0107, 0x0109, 0x010c, 0x010f, 0x0113, 0x0119, 0x0120, 0x012a, 0x0136, 0x0144,
  0x0156, 0x0169, 0x0179, 0x0139, 0x012d, 0x0124, 0x011d, 0x0116, 0x0112, 0x010e, 0x010c, 0x010a, 0x0108, 0x0107, 0x0106, 0x0106,
  0x0105, 0x0105, 0x0105, 0x0106, 0x0107, 0x0108, 0x010a, 0x010d, 0x0111, 0x0115, 0x011b, 0x0123, 0x012d, 0x013a, 0x0149, 0x015b,
  0x016f, 0x0182, 0x013b, 0x0130, 0x0127, 0x011f, 0x0118, 0x0113, 0x0110, 0x010d, 0x010b, 0x010a, 0x0109, 0x0108, 0x0107, 0x0107,
  0x0107, 0x0107, 0x0107, 0x0108, 0x010a, 0x010c, 0x010f, 0x0112, 0x0117, 0x011e, 0x0126, 0x0131, 0x013e, 0x014e, 0x0162, 0x0178,
  0x0194, 0x013c, 0x0134, 0x012a, 0x0121, 0x011a, 0x0114, 0x0111, 0x010f, 0x010d, 0x010b, 0x010a, 0x0109, 0x0108, 0x0108, 0x0108,
  0x0108, 0x0109, 0x010a, 0x010c, 0x010e, 0x0111, 0x0114, 0x0119, 0x0120, 0x0129, 0x0134, 0x0143, 0x0154, 0x0169, 0x0181, 0x019a,
  0x0147, 0x0137, 0x012c, 0x0122, 0x011a, 0x0115, 0x0111, 0x0110, 0x010e, 0x010d, 0x010b, 0x010b, 0x010a, 0x010a, 0x0109, 0x010a,
  0x010a, 0x010b, 0x010d, 0x010f, 0x0112, 0x0116, 0x011a, 0x0121, 0x012a, 0x0137, 0x0146, 0x015a, 0x0170, 0x018c, 0x019f, 0x0149,
  0x0137, 0x0131, 0x0122, 0x0117, 0x0114, 0x0110, 0x0111, 0x0111, 0x010b, 0x010f, 0x010a, 0x010c, 0x010a, 0x010b, 0x010b, 0x010d,
  0x010c, 0x010a, 0x0114, 0x0115, 0x0114, 0x011c, 0x0121, 0x012b, 0x0136, 0x014d, 0x015a, 0x017a, 0x0190, 0x01cd,
};

static const uint16_t kOs02n10Lsc1c0[] = {
  0x016f, 0x015a, 0x014c, 0x0140, 0x0139, 0x0130, 0x0127, 0x0124, 0x0120, 0x011e, 0x011b, 0x011b, 0x011c, 0x0118, 0x0118, 0x011d,
  0x011d, 0x011d, 0x0120, 0x0120, 0x0128, 0x012e, 0x0136, 0x013d, 0x0148, 0x015b, 0x016a, 0x0182, 0x0198, 0x01bc, 0x01e1, 0x0161,
  0x0152, 0x0145, 0x013b, 0x0132, 0x012a, 0x0124, 0x011f, 0x011b, 0x0119, 0x0117, 0x0116, 0x0115, 0x0114, 0x0114, 0x0115, 0x0117,
  0x0118, 0x011a, 0x011e, 0x0122, 0x0128, 0x012f, 0x0138, 0x0143, 0x0151, 0x0163, 0x0177, 0x0190, 0x01ad, 0x01cd, 0x0152, 0x0149,
  0x013e, 0x0134, 0x012c, 0x0125, 0x011f, 0x011a, 0x0117, 0x0114, 0x0112, 0x0111, 0x0110, 0x010f, 0x010f, 0x0110, 0x0111, 0x0113,
  0x0115, 0x0119, 0x011d, 0x0122, 0x0129, 0x0132, 0x013c, 0x014a, 0x015a, 0x016d, 0x0184, 0x019e, 0x01bb, 0x0149, 0x0141, 0x0138,
  0x012e, 0x0126, 0x0120, 0x011a, 0x0116, 0x0112, 0x010f, 0x010d, 0x010c, 0x010b, 0x010b, 0x010b, 0x010c, 0x010d, 0x010f, 0x0111,
  0x0114, 0x0118, 0x011d, 0x0123, 0x012b, 0x0135, 0x0142, 0x0151, 0x0163, 0x0178, 0x018f, 0x01a7, 0x0146, 0x013c, 0x0132, 0x0129,
  0x0122, 0x011b, 0x0116, 0x0112, 0x010e, 0x010c, 0x010a, 0x0108, 0x0108, 0x0107, 0x0107, 0x0108, 0x0109, 0x010b, 0x010d, 0x0110,
  0x0114, 0x0118, 0x011e, 0x0126, 0x012f, 0x013b, 0x0149, 0x015b, 0x016e, 0x0183, 0x0198, 0x0144, 0x0138, 0x012e, 0x0125, 0x011e,
  0x0118, 0x0113, 0x010f, 0x010c, 0x0109, 0x0107, 0x0106, 0x0105, 0x0104, 0x0105, 0x0105, 0x0106, 0x0108, 0x010a, 0x010d, 0x0110,
  0x0115, 0x011b, 0x0122, 0x012b, 0x0136, 0x0144, 0x0154, 0x0166, 0x017a, 0x018c, 0x013e, 0x0134, 0x012b, 0x0123, 0x011b, 0x0116,
  0x0111, 0x010d, 0x010a, 0x0107, 0x0105, 0x0104, 0x0103, 0x0103, 0x0103, 0x0103, 0x0104, 0x0106, 0x0108, 0x010b, 0x010e, 0x0113,
  0x0118, 0x011f, 0x0128, 0x0132, 0x0140, 0x014f, 0x0161, 0x0174, 0x0187, 0x013a, 0x0132, 0x0129, 0x0121, 0x011a, 0x0114, 0x0110,
  0x010c, 0x0109, 0x0106, 0x0105, 0x0103, 0x0102, 0x0102, 0x0102, 0x0102, 0x0103, 0x0105, 0x0107, 0x010a, 0x010d, 0x0111, 0x0117,
  0x011d, 0x0126, 0x0130, 0x013d, 0x014d, 0x015f, 0x0172, 0x0186, 0x013c, 0x0131, 0x0129, 0x0120, 0x011a, 0x0114, 0x010f, 0x010c,
  0x0109, 0x0106, 0x0104, 0x0103, 0x0102, 0x0102, 0x0102, 0x0102, 0x0103, 0x0105, 0x0107, 0x010a, 0x010d, 0x0111, 0x0116, 0x011d,
  0x0125, 0x0130, 0x013d, 0x014c, 0x015e, 0x0172, 0x0187, 0x013a, 0x0132, 0x0129, 0x0121, 0x011a, 0x0114, 0x0110, 0x010c, 0x0109,
  0x0107, 0x0105, 0x0103, 0x0102, 0x0102, 0x0102, 0x0102, 0x0104, 0x0105, 0x0107, 0x010a, 0x010d, 0x0111, 0x0117, 0x011d, 0x0126,
  0x0130, 0x013d, 0x014d, 0x015f, 0x0174, 0x018a, 0x013c, 0x0132, 0x0129, 0x0121, 0x011a, 0x0115, 0x0110, 0x010d, 0x010a, 0x0107,
  0x0106, 0x0104, 0x0103, 0x0103, 0x0103, 0x0103, 0x0104, 0x0106, 0x0108, 0x010b, 0x010e, 0x0112, 0x0118, 0x011e, 0x0127, 0x0132,
  0x013f, 0x014f, 0x0161, 0x0176, 0x018d, 0x013e, 0x0134, 0x012b, 0x0122, 0x011b, 0x0116, 0x0111, 0x010e, 0x010b, 0x0108, 0x0106,
  0x0105, 0x0104, 0x0104, 0x0104, 0x0104, 0x0105, 0x0107, 0x0109, 0x010c, 0x010f, 0x0113, 0x0119, 0x0120, 0x0129, 0x0133, 0x0141,
  0x0151, 0x0164, 0x0179, 0x0191, 0x0142, 0x0136, 0x012c, 0x0124, 0x011d, 0x0117, 0x0112, 0x010f, 0x010c, 0x0109, 0x0108, 0x0106,
  0x0105, 0x0105, 0x0105, 0x0105, 0x0106, 0x0108, 0x010a, 0x010d, 0x0110, 0x0115, 0x011a, 0x0122, 0x012b, 0x0136, 0x0144, 0x0154,
  0x0168, 0x017d, 0x0194, 0x0143, 0x0138, 0x012e, 0x0125, 0x011e, 0x0118, 0x0114, 0x0110, 0x010d, 0x010b, 0x0109, 0x0107, 0x0107,
  0x0106, 0x0106, 0x0107, 0x0108, 0x0109, 0x010b, 0x010e, 0x0112, 0x0116, 0x011c, 0x0124, 0x012d, 0x0139, 0x0147, 0x0159, 0x016d,
  0x0183, 0x019a, 0x0143, 0x013a, 0x0130, 0x0127, 0x0120, 0x011a, 0x0115, 0x0111, 0x010e, 0x010c, 0x010a, 0x0109, 0x0108, 0x0108,
  0x0108, 0x0108, 0x0109, 0x010b, 0x010d, 0x0110, 0x0113, 0x0118, 0x011e, 0x0126, 0x0130, 0x013c, 0x014b, 0x015e, 0x0173, 0x0189,
  0x01a3, 0x014a, 0x013e, 0x0133, 0x0129, 0x0121, 0x011b, 0x0116, 0x0113, 0x0110, 0x010e, 0x010c, 0x010b, 0x010a, 0x0109, 0x0109,
  0x010a, 0x010b, 0x010c, 0x010e, 0x0111, 0x0115, 0x011a, 0x0121, 0x0129, 0x0133, 0x0140, 0x0150, 0x0163, 0x0179, 0x0192, 0x01a9,
  0x014f, 0x0142, 0x0135, 0x012b, 0x0123, 0x011c, 0x0117, 0x0114, 0x0111, 0x010f, 0x010e, 0x010d, 0x010c, 0x010b, 0x010b, 0x010c,
  0x010d, 0x010e, 0x0110, 0x0112, 0x0116, 0x011c, 0x0123, 0x012b, 0x0135, 0x0142, 0x0153, 0x0168, 0x0180, 0x019b, 0x01bc, 0x015d,
  0x0143, 0x0135, 0x012d, 0x0123, 0x011d, 0x0119, 0x0112, 0x0113, 0x0112, 0x010f, 0x0111, 0x010d, 0x010d, 0x010d, 0x010f, 0x010d,
  0x0110, 0x0110, 0x0115, 0x0116, 0x011d, 0x0125, 0x012d, 0x0137, 0x0143, 0x0156, 0x016c, 0x0185, 0x01a8, 0x01c5,
};

static const uint16_t kOs02n10Lsc1c1[] = {
  0x016e, 0x0158, 0x0145, 0x013e, 0x0135, 0x012e, 0x012a, 0x0122, 0x011f, 0x011a, 0x011c, 0x011c, 0x011b, 0x0116, 0x0119, 0x0119,
  0x011c, 0x0120, 0x011f, 0x0121, 0x0126, 0x012f, 0x0135, 0x013d, 0x0148, 0x0159, 0x016a, 0x0180, 0x019e, 0x01ba, 0x01e2, 0x015c,
  0x0150, 0x0143, 0x0138, 0x0130, 0x0129, 0x0123, 0x011e, 0x011a, 0x0118, 0x0117, 0x0116, 0x0115, 0x0114, 0x0114, 0x0115, 0x0117,
  0x0119, 0x011b, 0x011e, 0x0122, 0x0128, 0x012f, 0x0138, 0x0143, 0x0151, 0x0162, 0x0178, 0x0191, 0x01af, 0x01d5, 0x0152, 0x0147,
  0x013c, 0x0132, 0x012a, 0x0123, 0x011e, 0x0119, 0x0116, 0x0114, 0x0112, 0x0111, 0x0110, 0x0110, 0x0110, 0x0111, 0x0112, 0x0114,
  0x0116, 0x0119, 0x011d, 0x0122, 0x0129, 0x0131, 0x013c, 0x0149, 0x015a, 0x016d, 0x0185, 0x01a0, 0x01ba, 0x014a, 0x013f, 0x0135,
  0x012c, 0x0125, 0x011e, 0x0119, 0x0115, 0x0112, 0x010f, 0x010e, 0x010d, 0x010c, 0x010c, 0x010c, 0x010d, 0x010e, 0x010f, 0x0112,
  0x0114, 0x0118, 0x011d, 0x0123, 0x012b, 0x0135, 0x0141, 0x0151, 0x0163, 0x0179, 0x0190, 0x01aa, 0x0142, 0x0139, 0x0130, 0x0127,
  0x0120, 0x011a, 0x0115, 0x0111, 0x010e, 0x010c, 0x010a, 0x0109, 0x0108, 0x0108, 0x0108, 0x0109, 0x010a, 0x010c, 0x010e, 0x0110,
  0x0114, 0x0119, 0x011e, 0x0126, 0x012f, 0x013b, 0x0149, 0x015a, 0x016e, 0x0184, 0x0199, 0x013f, 0x0134, 0x012b, 0x0123, 0x011c,
  0x0116, 0x0112, 0x010e, 0x010b, 0x0109, 0x0107, 0x0106, 0x0105, 0x0105, 0x0105, 0x0106, 0x0107, 0x0109, 0x010b, 0x010d, 0x0111,
  0x0115, 0x011a, 0x0121, 0x012a, 0x0135, 0x0143, 0x0153, 0x0166, 0x017b, 0x0190, 0x0137, 0x0130, 0x0128, 0x0120, 0x0119, 0x0114,
  0x010f, 0x010c, 0x0109, 0x0107, 0x0105, 0x0104, 0x0103, 0x0103, 0x0103, 0x0104, 0x0105, 0x0107, 0x0109, 0x010b, 0x010f, 0x0113,
  0x0118, 0x011f, 0x0127, 0x0132, 0x013f, 0x014f, 0x0161, 0x0174, 0x0189, 0x0135, 0x012e, 0x0126, 0x011e, 0x0118, 0x0112, 0x010e,
  0x010b, 0x0108, 0x0106, 0x0104, 0x0103, 0x0102, 0x0102, 0x0102, 0x0103, 0x0104, 0x0105, 0x0107, 0x010a, 0x010d, 0x0111, 0x0116,
  0x011d, 0x0125, 0x012f, 0x013c, 0x014c, 0x015e, 0x0172, 0x0184, 0x0136, 0x012d, 0x0125, 0x011d, 0x0117, 0x0112, 0x010e, 0x010a,
  0x0107, 0x0105, 0x0104, 0x0103, 0x0102, 0x0102, 0x0102, 0x0102, 0x0103, 0x0105, 0x0107, 0x010a, 0x010d, 0x0111, 0x0116, 0x011c,
  0x0124, 0x012f, 0x013b, 0x014b, 0x015d, 0x0171, 0x018a, 0x0135, 0x012d, 0x0125, 0x011d, 0x0117, 0x0112, 0x010e, 0x010a, 0x0108,
  0x0106, 0x0104, 0x0103, 0x0102, 0x0102, 0x0102, 0x0102, 0x0104, 0x0105, 0x0107, 0x010a, 0x010d, 0x0111, 0x0116, 0x011d, 0x0125,
  0x012f, 0x013c, 0x014b, 0x015e, 0x0172, 0x0185, 0x0136, 0x012e, 0x0126, 0x011e, 0x0118, 0x0112, 0x010e, 0x010b, 0x0108, 0x0106,
  0x0105, 0x0103, 0x0103, 0x0102, 0x0102, 0x0103, 0x0104, 0x0106, 0x0108, 0x010a, 0x010e, 0x0112, 0x0117, 0x011d, 0x0126, 0x0130,
  0x013d, 0x014d, 0x0160, 0x0174, 0x018c, 0x013b, 0x0130, 0x0127, 0x011f, 0x0119, 0x0113, 0x010f, 0x010c, 0x0109, 0x0107, 0x0105,
  0x0104, 0x0104, 0x0103, 0x0103, 0x0104, 0x0105, 0x0107, 0x0109, 0x010b, 0x010f, 0x0113, 0x0118, 0x011f, 0x0127, 0x0132, 0x013f,
  0x014f, 0x0163, 0x0178, 0x0190, 0x013e, 0x0132, 0x0129, 0x0121, 0x011a, 0x0115, 0x0110, 0x010d, 0x010a, 0x0108, 0x0107, 0x0105,
  0x0105, 0x0104, 0x0105, 0x0105, 0x0106, 0x0108, 0x010a, 0x010d, 0x0110, 0x0114, 0x011a, 0x0121, 0x0129, 0x0134, 0x0142, 0x0153,
  0x0167, 0x017c, 0x0192, 0x013e, 0x0134, 0x012b, 0x0123, 0x011c, 0x0116, 0x0112, 0x010e, 0x010c, 0x010a, 0x0108, 0x0107, 0x0106,
  0x0106, 0x0106, 0x0107, 0x0108, 0x0109, 0x010b, 0x010e, 0x0112, 0x0116, 0x011c, 0x0123, 0x012c, 0x0138, 0x0146, 0x0157, 0x016c,
  0x0182, 0x0197, 0x0140, 0x0136, 0x012d, 0x0125, 0x011e, 0x0118, 0x0114, 0x0110, 0x010e, 0x010b, 0x010a, 0x0109, 0x0108, 0x0108,
  0x0108, 0x0108, 0x0109, 0x010b, 0x010d, 0x0110, 0x0114, 0x0118, 0x011e, 0x0126, 0x012f, 0x013b, 0x014a, 0x015d, 0x0172, 0x018a,
  0x01a8, 0x0142, 0x013a, 0x0130, 0x0128, 0x0120, 0x011a, 0x0116, 0x0112, 0x0110, 0x010e, 0x010c, 0x010b, 0x010a, 0x010a, 0x010a,
  0x010b, 0x010c, 0x010d, 0x010f, 0x0112, 0x0116, 0x011b, 0x0121, 0x0129, 0x0133, 0x013f, 0x014f, 0x0163, 0x017a, 0x0193, 0x01ad,
  0x014d, 0x013f, 0x0133, 0x012a, 0x0123, 0x011d, 0x0118, 0x0114, 0x0112, 0x0110, 0x010e, 0x010d, 0x010d, 0x010c, 0x010d, 0x010d,
  0x010e, 0x010f, 0x0111, 0x0114, 0x0118, 0x011d, 0x0123, 0x012b, 0x0136, 0x0143, 0x0153, 0x0168, 0x0181, 0x019e, 0x01b8, 0x0155,
  0x0142, 0x0137, 0x012c, 0x0126, 0x0120, 0x0119, 0x0116, 0x0115, 0x0111, 0x0112, 0x0111, 0x010d, 0x0113, 0x010d, 0x0112, 0x0112,
  0x0111, 0x0112, 0x0116, 0x011a, 0x011f, 0x0125, 0x012e, 0x0138, 0x0146, 0x0156, 0x016c, 0x018a, 0x01a5, 0x01d5,
};

static const uint16_t kOs02n10Lsc1c2[] = {
  0x0170, 0x0155, 0x0145, 0x0139, 0x0136, 0x012d, 0x0125, 0x0121, 0x011d, 0x011c, 0x011a, 0x011a, 0x0115, 0x0116, 0x0118, 0x0117,
  0x011b, 0x011b, 0x011c, 0x0122, 0x0127, 0x012d, 0x0132, 0x013c, 0x0143, 0x0155, 0x0166, 0x017e, 0x019c, 0x01be, 0x01ef, 0x015f,
  0x0150, 0x0141, 0x0137, 0x012f, 0x0128, 0x0122, 0x011d, 0x011a, 0x0117, 0x0116, 0x0114, 0x0113, 0x0112, 0x0113, 0x0114, 0x0115,
  0x0117, 0x0119, 0x011d, 0x0121, 0x0127, 0x012d, 0x0135, 0x0140, 0x014e, 0x0160, 0x0176, 0x0190, 0x01ae, 0x01c8, 0x0153, 0x0148,
  0x013c, 0x0132, 0x0129, 0x0123, 0x011d, 0x0119, 0x0115, 0x0113, 0x0111, 0x0110, 0x010f, 0x010e, 0x010f, 0x010f, 0x0110, 0x0112,
  0x0115, 0x0118, 0x011c, 0x0121, 0x0128, 0x0130, 0x013a, 0x0147, 0x0158, 0x016c, 0x0184, 0x019d, 0x01b8, 0x014c, 0x0140, 0x0136,
  0x012c, 0x0124, 0x011e, 0x0119, 0x0114, 0x0111, 0x010f, 0x010d, 0x010c, 0x010b, 0x010a, 0x010b, 0x010b, 0x010c, 0x010e, 0x0110,
  0x0113, 0x0117, 0x011c, 0x0122, 0x012a, 0x0134, 0x0140, 0x0150, 0x0162, 0x0178, 0x018e, 0x01a7, 0x0144, 0x013a, 0x0130, 0x0127,
  0x0120, 0x011a, 0x0115, 0x0111, 0x010e, 0x010b, 0x0109, 0x0108, 0x0107, 0x0107, 0x0107, 0x0108, 0x0109, 0x010b, 0x010d, 0x0110,
  0x0113, 0x0118, 0x011e, 0x0125, 0x012e, 0x013a, 0x0148, 0x015a, 0x016e, 0x0183, 0x0196, 0x013d, 0x0134, 0x012c, 0x0124, 0x011c,
  0x0117, 0x0112, 0x010e, 0x010b, 0x0109, 0x0107, 0x0106, 0x0105, 0x0104, 0x0105, 0x0105, 0x0106, 0x0108, 0x010a, 0x010d, 0x0110,
  0x0115, 0x011a, 0x0121, 0x012a, 0x0135, 0x0143, 0x0153, 0x0166, 0x017a, 0x0191, 0x0138, 0x0131, 0x0129, 0x0121, 0x011a, 0x0114,
  0x0110, 0x010c, 0x0109, 0x0107, 0x0105, 0x0104, 0x0103, 0x0103, 0x0103, 0x0103, 0x0105, 0x0106, 0x0108, 0x010b, 0x010e, 0x0112,
  0x0118, 0x011e, 0x0127, 0x0132, 0x013f, 0x014f, 0x0161, 0x0174, 0x0187, 0x0137, 0x012f, 0x0127, 0x011f, 0x0119, 0x0113, 0x010f,
  0x010b, 0x0108, 0x0106, 0x0104, 0x0103, 0x0102, 0x0102, 0x0102, 0x0102, 0x0104, 0x0105, 0x0107, 0x010a, 0x010d, 0x0111, 0x0116,
  0x011d, 0x0125, 0x0130, 0x013c, 0x014c, 0x015e, 0x0171, 0x0185, 0x0138, 0x012f, 0x0126, 0x011f, 0x0118, 0x0113, 0x010e, 0x010b,
  0x0108, 0x0106, 0x0104, 0x0103, 0x0102, 0x0101, 0x0102, 0x0102, 0x0103, 0x0105, 0x0107, 0x010a, 0x010d, 0x0111, 0x0116, 0x011c,
  0x0125, 0x012f, 0x013c, 0x014b, 0x015d, 0x0171, 0x0187, 0x013a, 0x012f, 0x0127, 0x011f, 0x0118, 0x0113, 0x010f, 0x010b, 0x0108,
  0x0106, 0x0104, 0x0103, 0x0102, 0x0102, 0x0102, 0x0102, 0x0104, 0x0105, 0x0107, 0x010a, 0x010d, 0x0111, 0x0116, 0x011d, 0x0125,
  0x012f, 0x013c, 0x014b, 0x015e, 0x0172, 0x0186, 0x013a, 0x0130, 0x0127, 0x0120, 0x0119, 0x0114, 0x010f, 0x010c, 0x0109, 0x0107,
  0x0105, 0x0104, 0x0103, 0x0102, 0x0103, 0x0103, 0x0104, 0x0106, 0x0108, 0x010b, 0x010e, 0x0112, 0x0117, 0x011e, 0x0126, 0x0130,
  0x013d, 0x014d, 0x0160, 0x0174, 0x018a, 0x013c, 0x0131, 0x0129, 0x0121, 0x011a, 0x0115, 0x0110, 0x010d, 0x010a, 0x0108, 0x0106,
  0x0105, 0x0104, 0x0103, 0x0103, 0x0104, 0x0105, 0x0107, 0x0109, 0x010c, 0x010f, 0x0113, 0x0119, 0x011f, 0x0128, 0x0132, 0x013f,
  0x0150, 0x0163, 0x0178, 0x018f, 0x013c, 0x0134, 0x012a, 0x0122, 0x011b, 0x0116, 0x0112, 0x010e, 0x010b, 0x0109, 0x0107, 0x0106,
  0x0105, 0x0104, 0x0105, 0x0105, 0x0106, 0x0108, 0x010a, 0x010d, 0x0110, 0x0115, 0x011a, 0x0121, 0x012a, 0x0135, 0x0142, 0x0153,
  0x0167, 0x017d, 0x0197, 0x0143, 0x0136, 0x012c, 0x0124, 0x011d, 0x0117, 0x0113, 0x010f, 0x010d, 0x010a, 0x0109, 0x0107, 0x0106,
  0x0106, 0x0106, 0x0107, 0x0108, 0x0109, 0x010b, 0x010e, 0x0112, 0x0116, 0x011c, 0x0123, 0x012d, 0x0138, 0x0146, 0x0158, 0x016c,
  0x0183, 0x019b, 0x013f, 0x0139, 0x012f, 0x0127, 0x011f, 0x0119, 0x0115, 0x0111, 0x010e, 0x010c, 0x010a, 0x0109, 0x0108, 0x0108,
  0x0108, 0x0108, 0x0109, 0x010b, 0x010d, 0x0110, 0x0114, 0x0119, 0x011e, 0x0126, 0x0130, 0x013c, 0x014b, 0x015d, 0x0173, 0x018b,
  0x01a5, 0x0147, 0x013c, 0x0133, 0x012a, 0x0122, 0x011c, 0x0117, 0x0113, 0x0110, 0x010e, 0x010c, 0x010b, 0x010a, 0x010a, 0x010a,
  0x010a, 0x010b, 0x010d, 0x010f, 0x0112, 0x0116, 0x011b, 0x0121, 0x0129, 0x0133, 0x0140, 0x0150, 0x0164, 0x017b, 0x0194, 0x01b0,
  0x014d, 0x0143, 0x0137, 0x012d, 0x0124, 0x011e, 0x0119, 0x0115, 0x0112, 0x0110, 0x010f, 0x010e, 0x010c, 0x010c, 0x010c, 0x010c,
  0x010d, 0x010e, 0x0110, 0x0114, 0x0118, 0x011d, 0x0123, 0x012b, 0x0136, 0x0144, 0x0155, 0x0169, 0x0181, 0x019e, 0x01bc, 0x0161,
  0x0148, 0x0139, 0x0131, 0x0126, 0x011f, 0x011b, 0x0116, 0x0115, 0x0113, 0x0112, 0x0111, 0x0110, 0x010d, 0x010d, 0x0110, 0x0110,
  0x010c, 0x0112, 0x0117, 0x011d, 0x011f, 0x0124, 0x012a, 0x0139, 0x0147, 0x015a, 0x016e, 0x0189, 0x01a5, 0x01d3,
};

static const uint16_t kOs02n10Lsc1c3[] = {
  0x015c, 0x0153, 0x013f, 0x0137, 0x012a, 0x012a, 0x0120, 0x011d, 0x011c, 0x0116, 0x0114, 0x0118, 0x0116, 0x0114, 0x011b, 0x0111,
  0x0119, 0x011b, 0x011e, 0x011f, 0x0125, 0x0129, 0x0131, 0x013e, 0x013f, 0x0150, 0x0163, 0x017c, 0x019d, 0x01b4, 0x01f1, 0x0155,
  0x0147, 0x013b, 0x0130, 0x0129, 0x0122, 0x011d, 0x0119, 0x0116, 0x0113, 0x0112, 0x0111, 0x0111, 0x0111, 0x0111, 0x0112, 0x0113,
  0x0115, 0x0118, 0x011b, 0x011f, 0x0124, 0x012b, 0x0133, 0x013d, 0x014a, 0x015c, 0x0172, 0x018c, 0x01ab, 0x01cc, 0x0148, 0x013f,
  0x0135, 0x012b, 0x0123, 0x011d, 0x0118, 0x0114, 0x0112, 0x010f, 0x010e, 0x010d, 0x010d, 0x010d, 0x010d, 0x010e, 0x010f, 0x0110,
  0x0113, 0x0115, 0x0119, 0x011e, 0x0125, 0x012c, 0x0136, 0x0143, 0x0154, 0x0168, 0x017f, 0x0198, 0x01ac, 0x0142, 0x0138, 0x012e,
  0x0126, 0x011e, 0x0119, 0x0114, 0x0110, 0x010e, 0x010c, 0x010a, 0x010a, 0x0109, 0x0109, 0x0109, 0x010a, 0x010b, 0x010c, 0x010e,
  0x0111, 0x0114, 0x0119, 0x011f, 0x0126, 0x0130, 0x013c, 0x014b, 0x015d, 0x0172, 0x0188, 0x01a4, 0x013d, 0x0132, 0x0129, 0x0121,
  0x011a, 0x0115, 0x0110, 0x010d, 0x010b, 0x0109, 0x0107, 0x0106, 0x0106, 0x0106, 0x0106, 0x0106, 0x0107, 0x0109, 0x010b, 0x010d,
  0x0110, 0x0114, 0x011a, 0x0121, 0x012a, 0x0135, 0x0143, 0x0154, 0x0168, 0x017d, 0x018f, 0x0135, 0x012e, 0x0125, 0x011e, 0x0117,
  0x0112, 0x010e, 0x010b, 0x0108, 0x0107, 0x0105, 0x0104, 0x0104, 0x0103, 0x0104, 0x0104, 0x0105, 0x0106, 0x0108, 0x010a, 0x010d,
  0x0111, 0x0116, 0x011d, 0x0125, 0x0130, 0x013d, 0x014d, 0x0160, 0x0173, 0x0189, 0x0133, 0x012a, 0x0122, 0x011b, 0x0115, 0x0110,
  0x010c, 0x0109, 0x0107, 0x0105, 0x0104, 0x0103, 0x0102, 0x0102, 0x0102, 0x0103, 0x0103, 0x0105, 0x0106, 0x0109, 0x010b, 0x010f,
  0x0114, 0x011a, 0x0122, 0x012d, 0x0139, 0x0149, 0x015b, 0x016e, 0x017f, 0x0130, 0x0129, 0x0121, 0x011a, 0x0114, 0x010f, 0x010b,
  0x0109, 0x0106, 0x0104, 0x0103, 0x0102, 0x0102, 0x0101, 0x0101, 0x0102, 0x0103, 0x0104, 0x0106, 0x0108, 0x010b, 0x010e, 0x0113,
  0x0119, 0x0121, 0x012b, 0x0137, 0x0146, 0x0158, 0x016c, 0x0183, 0x0132, 0x0128, 0x0120, 0x0119, 0x0113, 0x010f, 0x010b, 0x0108,
  0x0106, 0x0104, 0x0103, 0x0102, 0x0101, 0x0101, 0x0101, 0x0102, 0x0103, 0x0104, 0x0105, 0x0108, 0x010a, 0x010e, 0x0113, 0x0118,
  0x0120, 0x012a, 0x0136, 0x0145, 0x0157, 0x016b, 0x0181, 0x0130, 0x0128, 0x0120, 0x0119, 0x0114, 0x010f, 0x010b, 0x0109, 0x0107,
  0x0105, 0x0103, 0x0102, 0x0102, 0x0101, 0x0101, 0x0102, 0x0103, 0x0104, 0x0106, 0x0108, 0x010b, 0x010e, 0x0113, 0x0119, 0x0120,
  0x012a, 0x0137, 0x0146, 0x0158, 0x016c, 0x017d, 0x0132, 0x0128, 0x0120, 0x011a, 0x0114, 0x010f, 0x010c, 0x0109, 0x0107, 0x0105,
  0x0104, 0x0103, 0x0102, 0x0102, 0x0102, 0x0102, 0x0103, 0x0104, 0x0106, 0x0108, 0x010b, 0x010f, 0x0114, 0x011a, 0x0121, 0x012b,
  0x0138, 0x0147, 0x0159, 0x016d, 0x0187, 0x012e, 0x0129, 0x0121, 0x011a, 0x0115, 0x0110, 0x010d, 0x010a, 0x0108, 0x0106, 0x0105,
  0x0104, 0x0103, 0x0103, 0x0103, 0x0103, 0x0104, 0x0105, 0x0107, 0x0109, 0x010c, 0x0110, 0x0115, 0x011b, 0x0123, 0x012d, 0x013a,
  0x0149, 0x015b, 0x0170, 0x0187, 0x0137, 0x012b, 0x0123, 0x011c, 0x0116, 0x0111, 0x010d, 0x010b, 0x0108, 0x0107, 0x0105, 0x0104,
  0x0104, 0x0103, 0x0103, 0x0104, 0x0105, 0x0106, 0x0108, 0x010a, 0x010d, 0x0111, 0x0116, 0x011c, 0x0125, 0x012f, 0x013c, 0x014c,
  0x015f, 0x0173, 0x0188, 0x0136, 0x012e, 0x0125, 0x011d, 0x0117, 0x0112, 0x010e, 0x010b, 0x0109, 0x0108, 0x0106, 0x0105, 0x0105,
  0x0104, 0x0104, 0x0105, 0x0106, 0x0107, 0x0109, 0x010b, 0x010e, 0x0112, 0x0117, 0x011e, 0x0127, 0x0132, 0x013f, 0x0150, 0x0163,
  0x0178, 0x018e, 0x013b, 0x0131, 0x0128, 0x011f, 0x0119, 0x0113, 0x010f, 0x010c, 0x010a, 0x0109, 0x0107, 0x0106, 0x0106, 0x0106,
  0x0106, 0x0106, 0x0107, 0x0108, 0x010a, 0x010c, 0x010f, 0x0114, 0x0119, 0x0120, 0x0129, 0x0135, 0x0143, 0x0155, 0x0169, 0x017f,
  0x0196, 0x0142, 0x0135, 0x012b, 0x0122, 0x011a, 0x0115, 0x0111, 0x010d, 0x010b, 0x010a, 0x0109, 0x0108, 0x0107, 0x0107, 0x0107,
  0x0108, 0x0109, 0x010a, 0x010b, 0x010e, 0x0111, 0x0115, 0x011b, 0x0123, 0x012c, 0x0138, 0x0148, 0x015a, 0x0170, 0x0188, 0x019e,
  0x0146, 0x013a, 0x012e, 0x0123, 0x011c, 0x0116, 0x0112, 0x010e, 0x010c, 0x010b, 0x010a, 0x0109, 0x0109, 0x0109, 0x010a, 0x010a,
  0x010a, 0x010b, 0x010d, 0x010f, 0x0112, 0x0117, 0x011d, 0x0124, 0x012e, 0x013b, 0x014b, 0x0160, 0x0177, 0x0194, 0x01af, 0x0158,
  0x0141, 0x0129, 0x0127, 0x011d, 0x0116, 0x0115, 0x010d, 0x010b, 0x010e, 0x010c, 0x0109, 0x010b, 0x010f, 0x010a, 0x010c, 0x010d,
  0x010d, 0x010d, 0x0112, 0x0112, 0x0117, 0x011e, 0x0127, 0x012e, 0x013c, 0x014c, 0x0166, 0x0180, 0x0198, 0x01d4,
};

static const uint16_t kOs02n10Lsc2c0[] = {
  0x016c, 0x0164, 0x0154, 0x0146, 0x013f, 0x0135, 0x012d, 0x0129, 0x0124, 0x0122, 0x011d, 0x011c, 0x011a, 0x0119, 0x0119, 0x011c,
  0x011e, 0x0121, 0x011f, 0x0126, 0x012b, 0x0133, 0x013f, 0x0145, 0x014e, 0x0163, 0x0178, 0x0195, 0x01aa, 0x01da, 0x01f1, 0x0167,
  0x0158, 0x014c, 0x0140, 0x0136, 0x012e, 0x0127, 0x0122, 0x011e, 0x011a, 0x0118, 0x0116, 0x0114, 0x0114, 0x0114, 0x0116, 0x0118,
  0x0119, 0x011c, 0x0120, 0x0126, 0x012d, 0x0135, 0x013f, 0x014a, 0x015a, 0x016f, 0x0186, 0x01a2, 0x01c0, 0x01e0, 0x015d, 0x014f,
  0x0143, 0x0139, 0x012f, 0x0128, 0x0121, 0x011c, 0x0118, 0x0115, 0x0112, 0x0110, 0x010f, 0x010f, 0x010f, 0x0110, 0x0112, 0x0114,
  0x0117, 0x011b, 0x0120, 0x0126, 0x012e, 0x0138, 0x0144, 0x0153, 0x0165, 0x017b, 0x0194, 0x01b0, 0x01cd, 0x0150, 0x0147, 0x013c,
  0x0132, 0x0129, 0x0122, 0x011c, 0x0117, 0x0113, 0x0110, 0x010d, 0x010b, 0x010a, 0x010a, 0x010a, 0x010b, 0x010d, 0x010f, 0x0112,
  0x0116, 0x011b, 0x0121, 0x0128, 0x0131, 0x013d, 0x014b, 0x015c, 0x0171, 0x0188, 0x01a1, 0x01bb, 0x014a, 0x0140, 0x0137, 0x012d,
  0x0124, 0x011d, 0x0117, 0x0113, 0x010f, 0x010c, 0x0109, 0x0108, 0x0107, 0x0106, 0x0107, 0x0108, 0x0109, 0x010b, 0x010e, 0x0112,
  0x0116, 0x011c, 0x0123, 0x012c, 0x0137, 0x0144, 0x0155, 0x0168, 0x017e, 0x0196, 0x01ab, 0x0147, 0x013d, 0x0133, 0x0129, 0x0121,
  0x011a, 0x0114, 0x0110, 0x010c, 0x0109, 0x0107, 0x0105, 0x0104, 0x0104, 0x0104, 0x0105, 0x0107, 0x0109, 0x010c, 0x010f, 0x0114,
  0x0119, 0x0120, 0x0128, 0x0133, 0x013f, 0x014f, 0x0162, 0x0177, 0x018f, 0x01a8, 0x0147, 0x013b, 0x0130, 0x0127, 0x011f, 0x0118,
  0x0113, 0x010e, 0x010b, 0x0108, 0x0105, 0x0104, 0x0103, 0x0102, 0x0103, 0x0104, 0x0105, 0x0107, 0x010a, 0x010e, 0x0112, 0x0117,
  0x011e, 0x0126, 0x0130, 0x013c, 0x014c, 0x015e, 0x0173, 0x018a, 0x01a6, 0x0144, 0x0139, 0x012f, 0x0126, 0x011e, 0x0117, 0x0112,
  0x010e, 0x010a, 0x0107, 0x0105, 0x0103, 0x0102, 0x0102, 0x0102, 0x0103, 0x0105, 0x0107, 0x0109, 0x010d, 0x0111, 0x0116, 0x011d,
  0x0125, 0x012f, 0x013b, 0x014a, 0x015c, 0x0170, 0x0187, 0x019b, 0x0142, 0x0139, 0x012e, 0x0125, 0x011e, 0x0117, 0x0112, 0x010e,
  0x010a, 0x0107, 0x0105, 0x0103, 0x0102, 0x0102, 0x0102, 0x0103, 0x0105, 0x0107, 0x010a, 0x010d, 0x0111, 0x0116, 0x011d, 0x0125,
  0x012e, 0x013a, 0x0149, 0x015b, 0x016f, 0x0185, 0x019d, 0x0146, 0x0139, 0x012f, 0x0125, 0x011e, 0x0117, 0x0112, 0x010e, 0x010b,
  0x0108, 0x0106, 0x0104, 0x0103, 0x0103, 0x0103, 0x0104, 0x0105, 0x0107, 0x010a, 0x010e, 0x0112, 0x0117, 0x011d, 0x0125, 0x012f,
  0x013b, 0x014a, 0x015b, 0x0170, 0x0186, 0x019f, 0x0144, 0x013a, 0x012f, 0x0126, 0x011f, 0x0118, 0x0113, 0x010f, 0x010c, 0x0109,
  0x0107, 0x0105, 0x0104, 0x0104, 0x0104, 0x0105, 0x0106, 0x0108, 0x010b, 0x010f, 0x0113, 0x0118, 0x011e, 0x0126, 0x0130, 0x013c,
  0x014b, 0x015d, 0x0171, 0x0188, 0x019f, 0x0146, 0x013a, 0x0131, 0x0128, 0x0120, 0x011a, 0x0115, 0x0111, 0x010d, 0x010b, 0x0108,
  0x0107, 0x0106, 0x0105, 0x0106, 0x0106, 0x0108, 0x010a, 0x010d, 0x0110, 0x0114, 0x011a, 0x0120, 0x0128, 0x0132, 0x013f, 0x014e,
  0x0160, 0x0174, 0x018b, 0x01a3, 0x0144, 0x013d, 0x0133, 0x012a, 0x0122, 0x011c, 0x0117, 0x0113, 0x010f, 0x010d, 0x010b, 0x0109,
  0x0108, 0x0108, 0x0108, 0x0109, 0x010a, 0x010c, 0x010f, 0x0112, 0x0117, 0x011c, 0x0123, 0x012b, 0x0135, 0x0142, 0x0151, 0x0164,
  0x0179, 0x0190, 0x01ab, 0x014d, 0x0140, 0x0136, 0x012d, 0x0125, 0x011f, 0x011a, 0x0116, 0x0112, 0x0110, 0x010e, 0x010c, 0x010b,
  0x010b, 0x010b, 0x010c, 0x010d, 0x010f, 0x0112, 0x0115, 0x011a, 0x011f, 0x0126, 0x012f, 0x0139, 0x0146, 0x0156, 0x016a, 0x017f,
  0x0197, 0x01ab, 0x014e, 0x0146, 0x013b, 0x0131, 0x0129, 0x0123, 0x011d, 0x0119, 0x0116, 0x0113, 0x0111, 0x0110, 0x010f, 0x010f,
  0x010f, 0x010f, 0x0111, 0x0113, 0x0115, 0x0119, 0x011d, 0x0123, 0x012a, 0x0133, 0x013e, 0x014c, 0x015d, 0x0171, 0x0188, 0x01a1,
  0x01bb, 0x0159, 0x014c, 0x0140, 0x0136, 0x012d, 0x0127, 0x0121, 0x011d, 0x011a, 0x0118, 0x0116, 0x0114, 0x0113, 0x0113, 0x0113,
  0x0114, 0x0115, 0x0117, 0x0119, 0x011d, 0x0121, 0x0127, 0x012f, 0x0138, 0x0144, 0x0153, 0x0164, 0x017a, 0x0192, 0x01ae, 0x01ca,
  0x0166, 0x0154, 0x0145, 0x013a, 0x0131, 0x012b, 0x0126, 0x0121, 0x011e, 0x011c, 0x011a, 0x0119, 0x0118, 0x0118, 0x0118, 0x0119,
  0x011a, 0x011c, 0x011e, 0x0121, 0x0126, 0x012c, 0x0133, 0x013e, 0x014a, 0x0159, 0x016c, 0x0182, 0x019d, 0x01bb, 0x01e1, 0x0171,
  0x015a, 0x0148, 0x013d, 0x0136, 0x012e, 0x012c, 0x0125, 0x0122, 0x0123, 0x0120, 0x011e, 0x011e, 0x011f, 0x011d, 0x011e, 0x0122,
  0x0120, 0x0123, 0x0127, 0x0129, 0x0130, 0x0139, 0x0140, 0x0153, 0x015d, 0x0175, 0x018c, 0x01a0, 0x01ce, 0x01ec,
};

static const uint16_t kOs02n10Lsc2c1[] = {
  0x0178, 0x015b, 0x014f, 0x0143, 0x0136, 0x0132, 0x012c, 0x0123, 0x0124, 0x011d, 0x011c, 0x011c, 0x011c, 0x011b, 0x011b, 0x0119,
  0x0120, 0x0121, 0x0121, 0x0128, 0x012a, 0x0135, 0x013a, 0x0142, 0x0150, 0x0164, 0x0175, 0x018f, 0x01ad, 0x01cf, 0x0208, 0x0167,
  0x0156, 0x0147, 0x013c, 0x0132, 0x012b, 0x0125, 0x0120, 0x011c, 0x0119, 0x0117, 0x0116, 0x0115, 0x0115, 0x0115, 0x0116, 0x0118,
  0x011a, 0x011d, 0x0121, 0x0126, 0x012c, 0x0134, 0x013d, 0x014a, 0x015a, 0x016d, 0x0184, 0x01a0, 0x01c1, 0x01dd, 0x0154, 0x014b,
  0x0140, 0x0135, 0x012c, 0x0125, 0x011f, 0x011a, 0x0116, 0x0114, 0x0112, 0x0110, 0x0110, 0x010f, 0x0110, 0x0111, 0x0112, 0x0114,
  0x0117, 0x011b, 0x0120, 0x0126, 0x012d, 0x0137, 0x0143, 0x0151, 0x0164, 0x0179, 0x0192, 0x01ad, 0x01ca, 0x014c, 0x0143, 0x0139,
  0x012f, 0x0126, 0x011f, 0x011a, 0x0115, 0x0112, 0x010f, 0x010d, 0x010c, 0x010b, 0x010b, 0x010b, 0x010c, 0x010d, 0x0110, 0x0112,
  0x0116, 0x011b, 0x0120, 0x0127, 0x0130, 0x013b, 0x0149, 0x015a, 0x016f, 0x0186, 0x019f, 0x01b5, 0x014a, 0x013d, 0x0133, 0x012a,
  0x0122, 0x011b, 0x0115, 0x0111, 0x010e, 0x010b, 0x0109, 0x0108, 0x0107, 0x0107, 0x0107, 0x0108, 0x010a, 0x010c, 0x010e, 0x0112,
  0x0116, 0x011c, 0x0122, 0x012b, 0x0135, 0x0143, 0x0153, 0x0166, 0x017c, 0x0193, 0x01ad, 0x0143, 0x0139, 0x012f, 0x0126, 0x011e,
  0x0118, 0x0112, 0x010e, 0x010b, 0x0108, 0x0106, 0x0105, 0x0104, 0x0104, 0x0104, 0x0105, 0x0107, 0x0109, 0x010c, 0x010f, 0x0113,
  0x0118, 0x011f, 0x0127, 0x0131, 0x013e, 0x014d, 0x015f, 0x0175, 0x018c, 0x01a2, 0x013e, 0x0135, 0x012c, 0x0124, 0x011c, 0x0116,
  0x0111, 0x010c, 0x0109, 0x0107, 0x0105, 0x0103, 0x0103, 0x0102, 0x0103, 0x0104, 0x0105, 0x0107, 0x010a, 0x010d, 0x0111, 0x0116,
  0x011d, 0x0125, 0x012e, 0x013a, 0x0149, 0x015b, 0x0170, 0x0186, 0x01a1, 0x013d, 0x0134, 0x012b, 0x0122, 0x011b, 0x0115, 0x0110,
  0x010c, 0x0108, 0x0106, 0x0104, 0x0103, 0x0102, 0x0102, 0x0102, 0x0103, 0x0104, 0x0107, 0x0109, 0x010c, 0x0111, 0x0115, 0x011c,
  0x0123, 0x012d, 0x0139, 0x0147, 0x0159, 0x016d, 0x0183, 0x0197, 0x013d, 0x0134, 0x012a, 0x0122, 0x011a, 0x0114, 0x010f, 0x010b,
  0x0108, 0x0106, 0x0104, 0x0103, 0x0102, 0x0102, 0x0102, 0x0103, 0x0104, 0x0106, 0x0109, 0x010c, 0x0110, 0x0115, 0x011b, 0x0123,
  0x012c, 0x0138, 0x0146, 0x0158, 0x016c, 0x0182, 0x019c, 0x0140, 0x0134, 0x012a, 0x0122, 0x011b, 0x0115, 0x0110, 0x010c, 0x0109,
  0x0106, 0x0104, 0x0103, 0x0102, 0x0102, 0x0102, 0x0103, 0x0105, 0x0107, 0x010a, 0x010d, 0x0111, 0x0116, 0x011c, 0x0123, 0x012d,
  0x0138, 0x0147, 0x0158, 0x016d, 0x0184, 0x019c, 0x013f, 0x0135, 0x012b, 0x0123, 0x011b, 0x0115, 0x0111, 0x010d, 0x010a, 0x0107,
  0x0105, 0x0104, 0x0103, 0x0103, 0x0103, 0x0104, 0x0106, 0x0108, 0x010a, 0x010e, 0x0112, 0x0117, 0x011d, 0x0124, 0x012e, 0x013a,
  0x0148, 0x015a, 0x016f, 0x0187, 0x01a3, 0x013f, 0x0136, 0x012d, 0x0124, 0x011d, 0x0117, 0x0112, 0x010e, 0x010b, 0x0109, 0x0107,
  0x0105, 0x0105, 0x0104, 0x0105, 0x0106, 0x0107, 0x0109, 0x010c, 0x010f, 0x0113, 0x0118, 0x011f, 0x0126, 0x0130, 0x013c, 0x014b,
  0x015d, 0x0173, 0x018b, 0x01a4, 0x0143, 0x0139, 0x012f, 0x0126, 0x011f, 0x0119, 0x0114, 0x0110, 0x010d, 0x010b, 0x0109, 0x0108,
  0x0107, 0x0107, 0x0107, 0x0108, 0x0109, 0x010b, 0x010e, 0x0111, 0x0116, 0x011b, 0x0121, 0x0129, 0x0133, 0x013f, 0x014f, 0x0161,
  0x0177, 0x0190, 0x01a8, 0x0148, 0x013c, 0x0132, 0x0129, 0x0122, 0x011c, 0x0117, 0x0113, 0x0110, 0x010e, 0x010c, 0x010a, 0x010a,
  0x010a, 0x010a, 0x010b, 0x010c, 0x010e, 0x0111, 0x0114, 0x0119, 0x011e, 0x0124, 0x012d, 0x0137, 0x0144, 0x0154, 0x0167, 0x017e,
  0x0197, 0x01b2, 0x014c, 0x0141, 0x0137, 0x012d, 0x0126, 0x011f, 0x011a, 0x0117, 0x0114, 0x0111, 0x010f, 0x010e, 0x010d, 0x010d,
  0x010e, 0x010f, 0x0110, 0x0112, 0x0115, 0x0118, 0x011c, 0x0122, 0x0128, 0x0131, 0x013c, 0x0149, 0x015a, 0x016f, 0x0187, 0x01a1,
  0x01c0, 0x014f, 0x0147, 0x013c, 0x0132, 0x012a, 0x0124, 0x011f, 0x011b, 0x0118, 0x0116, 0x0114, 0x0113, 0x0112, 0x0112, 0x0112,
  0x0113, 0x0115, 0x0117, 0x0119, 0x011c, 0x0121, 0x0126, 0x012d, 0x0136, 0x0142, 0x0150, 0x0162, 0x0177, 0x0191, 0x01ad, 0x01c7,
  0x015c, 0x014e, 0x0141, 0x0137, 0x012f, 0x0128, 0x0123, 0x011f, 0x011c, 0x011a, 0x0119, 0x0117, 0x0117, 0x0117, 0x0118, 0x0119,
  0x011a, 0x011c, 0x011e, 0x0121, 0x0125, 0x012b, 0x0132, 0x013b, 0x0147, 0x0156, 0x0169, 0x0180, 0x019b, 0x01bb, 0x01dc, 0x016d,
  0x0154, 0x0147, 0x013a, 0x0136, 0x012b, 0x0129, 0x0125, 0x0120, 0x0121, 0x0120, 0x011e, 0x011a, 0x011e, 0x011e, 0x011f, 0x0120,
  0x0123, 0x0124, 0x0125, 0x012a, 0x012f, 0x0137, 0x0140, 0x014b, 0x015c, 0x016f, 0x0187, 0x01a7, 0x01c6, 0x01fc,
};

static const uint16_t kOs02n10Lsc2c2[] = {
  0x0178, 0x015b, 0x014d, 0x0141, 0x0139, 0x0134, 0x012b, 0x0125, 0x0123, 0x011d, 0x011d, 0x011f, 0x011b, 0x011b, 0x011a, 0x011a,
  0x011c, 0x0121, 0x0123, 0x0127, 0x012e, 0x0132, 0x0139, 0x0142, 0x014f, 0x0162, 0x0176, 0x018c, 0x01a6, 0x01d1, 0x0203, 0x0164,
  0x0156, 0x0147, 0x013b, 0x0133, 0x012b, 0x0125, 0x0120, 0x011c, 0x0119, 0x0117, 0x0116, 0x0115, 0x0114, 0x0114, 0x0115, 0x0117,
  0x011a, 0x011d, 0x0121, 0x0126, 0x012c, 0x0133, 0x013d, 0x0149, 0x0159, 0x016c, 0x0182, 0x019e, 0x01be, 0x01df, 0x015a, 0x014b,
  0x0140, 0x0135, 0x012c, 0x0125, 0x011f, 0x011a, 0x0117, 0x0114, 0x0112, 0x0110, 0x010f, 0x010f, 0x010f, 0x0110, 0x0112, 0x0114,
  0x0117, 0x011b, 0x0120, 0x0126, 0x012d, 0x0136, 0x0142, 0x0151, 0x0163, 0x0178, 0x0191, 0x01ac, 0x01c5, 0x0148, 0x0143, 0x0139,
  0x012f, 0x0127, 0x0120, 0x011a, 0x0115, 0x0112, 0x010f, 0x010d, 0x010b, 0x010b, 0x010a, 0x010b, 0x010b, 0x010d, 0x010f, 0x0112,
  0x0116, 0x011a, 0x0120, 0x0127, 0x0130, 0x013b, 0x0149, 0x015a, 0x016e, 0x0185, 0x019d, 0x01b6, 0x0147, 0x013d, 0x0133, 0x012a,
  0x0122, 0x011b, 0x0116, 0x0111, 0x010e, 0x010b, 0x0109, 0x0108, 0x0107, 0x0107, 0x0107, 0x0108, 0x0109, 0x010c, 0x010e, 0x0112,
  0x0116, 0x011c, 0x0122, 0x012b, 0x0135, 0x0142, 0x0152, 0x0165, 0x017b, 0x0192, 0x01aa, 0x0144, 0x0139, 0x0130, 0x0127, 0x011f,
  0x0118, 0x0113, 0x010f, 0x010b, 0x0108, 0x0106, 0x0105, 0x0104, 0x0104, 0x0104, 0x0105, 0x0107, 0x0109, 0x010c, 0x010f, 0x0113,
  0x0118, 0x011f, 0x0127, 0x0131, 0x013e, 0x014d, 0x015f, 0x0174, 0x018b, 0x01a0, 0x0141, 0x0137, 0x012d, 0x0124, 0x011d, 0x0116,
  0x0111, 0x010d, 0x010a, 0x0107, 0x0105, 0x0104, 0x0103, 0x0102, 0x0103, 0x0104, 0x0105, 0x0107, 0x010a, 0x010d, 0x0112, 0x0117,
  0x011d, 0x0125, 0x012f, 0x013b, 0x0149, 0x015b, 0x0170, 0x0186, 0x019f, 0x0142, 0x0136, 0x012c, 0x0123, 0x011c, 0x0115, 0x0110,
  0x010c, 0x0109, 0x0106, 0x0104, 0x0103, 0x0102, 0x0102, 0x0102, 0x0103, 0x0105, 0x0107, 0x0109, 0x010d, 0x0111, 0x0116, 0x011c,
  0x0124, 0x012d, 0x0139, 0x0147, 0x0159, 0x016e, 0x0184, 0x019c, 0x013f, 0x0135, 0x012b, 0x0123, 0x011b, 0x0115, 0x0110, 0x010c,
  0x0109, 0x0106, 0x0104, 0x0103, 0x0102, 0x0102, 0x0102, 0x0103, 0x0105, 0x0107, 0x0109, 0x010d, 0x0111, 0x0116, 0x011c, 0x0123,
  0x012d, 0x0138, 0x0147, 0x0158, 0x016d, 0x0184, 0x019f, 0x0141, 0x0135, 0x012b, 0x0123, 0x011c, 0x0116, 0x0111, 0x010d, 0x0109,
  0x0107, 0x0105, 0x0103, 0x0103, 0x0102, 0x0103, 0x0104, 0x0105, 0x0107, 0x010a, 0x010d, 0x0111, 0x0116, 0x011c, 0x0124, 0x012d,
  0x0139, 0x0147, 0x0159, 0x016d, 0x0184, 0x019d, 0x013e, 0x0136, 0x012c, 0x0124, 0x011c, 0x0116, 0x0111, 0x010e, 0x010a, 0x0108,
  0x0106, 0x0105, 0x0104, 0x0103, 0x0104, 0x0105, 0x0106, 0x0108, 0x010b, 0x010e, 0x0112, 0x0117, 0x011e, 0x0125, 0x012f, 0x013a,
  0x0149, 0x015a, 0x016f, 0x0186, 0x019d, 0x0141, 0x0136, 0x012d, 0x0125, 0x011e, 0x0118, 0x0113, 0x010f, 0x010c, 0x0109, 0x0107,
  0x0106, 0x0105, 0x0105, 0x0105, 0x0106, 0x0108, 0x010a, 0x010c, 0x0110, 0x0114, 0x0119, 0x011f, 0x0127, 0x0131, 0x013d, 0x014b,
  0x015d, 0x0172, 0x0189, 0x01a2, 0x0142, 0x0139, 0x0130, 0x0127, 0x0120, 0x011a, 0x0115, 0x0111, 0x010e, 0x010b, 0x010a, 0x0108,
  0x0107, 0x0107, 0x0107, 0x0108, 0x010a, 0x010c, 0x010e, 0x0112, 0x0116, 0x011b, 0x0122, 0x012a, 0x0134, 0x0140, 0x014f, 0x0161,
  0x0177, 0x018e, 0x01a8, 0x0145, 0x013c, 0x0133, 0x012a, 0x0123, 0x011d, 0x0118, 0x0114, 0x0111, 0x010e, 0x010c, 0x010b, 0x010a,
  0x010a, 0x010a, 0x010b, 0x010d, 0x010f, 0x0111, 0x0115, 0x0119, 0x011e, 0x0125, 0x012d, 0x0137, 0x0144, 0x0154, 0x0167, 0x017d,
  0x0196, 0x01ac, 0x014a, 0x0141, 0x0138, 0x012f, 0x0127, 0x0121, 0x011c, 0x0118, 0x0114, 0x0112, 0x0110, 0x010f, 0x010e, 0x010e,
  0x010e, 0x010f, 0x0110, 0x0112, 0x0115, 0x0118, 0x011d, 0x0122, 0x0129, 0x0132, 0x013c, 0x014a, 0x015a, 0x016e, 0x0186, 0x019f,
  0x01bd, 0x0151, 0x0147, 0x013d, 0x0134, 0x012c, 0x0126, 0x0120, 0x011c, 0x0119, 0x0116, 0x0114, 0x0113, 0x0112, 0x0112, 0x0112,
  0x0113, 0x0114, 0x0116, 0x0119, 0x011c, 0x0121, 0x0127, 0x012e, 0x0137, 0x0142, 0x0150, 0x0161, 0x0176, 0x018f, 0x01ab, 0x01c7,
  0x015b, 0x0150, 0x0144, 0x0139, 0x0131, 0x012a, 0x0125, 0x0121, 0x011e, 0x011b, 0x0119, 0x0118, 0x0117, 0x0117, 0x0117, 0x0118,
  0x0119, 0x011b, 0x011d, 0x0121, 0x0126, 0x012c, 0x0133, 0x013b, 0x0147, 0x0156, 0x0168, 0x017e, 0x0199, 0x01b8, 0x01d9, 0x016d,
  0x0159, 0x014a, 0x013e, 0x0134, 0x0132, 0x012c, 0x0126, 0x0125, 0x011f, 0x011f, 0x011d, 0x011e, 0x011b, 0x011f, 0x011d, 0x011e,
  0x0122, 0x0121, 0x0124, 0x012c, 0x0132, 0x0138, 0x013f, 0x014c, 0x015b, 0x016e, 0x0187, 0x019f, 0x01c5, 0x01f7,
};

static const uint16_t kOs02n10Lsc2c3[] = {
  0x016e, 0x0157, 0x0144, 0x013b, 0x0133, 0x0129, 0x0126, 0x0123, 0x011f, 0x0117, 0x0119, 0x0119, 0x0116, 0x0118, 0x0116, 0x0117,
  0x0118, 0x011c, 0x011f, 0x0124, 0x012c, 0x012f, 0x013b, 0x013f, 0x014c, 0x015a, 0x016d, 0x018a, 0x01a4, 0x01ce, 0x0206, 0x015b,
  0x014d, 0x0140, 0x0135, 0x012c, 0x0125, 0x0120, 0x011c, 0x0118, 0x0115, 0x0113, 0x0112, 0x0112, 0x0111, 0x0111, 0x0112, 0x0114,
  0x0116, 0x0119, 0x011e, 0x0123, 0x0129, 0x0130, 0x0139, 0x0144, 0x0153, 0x0166, 0x017d, 0x0199, 0x01ba, 0x01dd, 0x0149, 0x0144,
  0x0139, 0x012f, 0x0126, 0x011f, 0x011a, 0x0116, 0x0113, 0x0110, 0x010e, 0x010d, 0x010d, 0x010c, 0x010d, 0x010d, 0x010f, 0x0111,
  0x0114, 0x0118, 0x011c, 0x0122, 0x0129, 0x0132, 0x013d, 0x014b, 0x015c, 0x0172, 0x018a, 0x01a4, 0x01bb, 0x014b, 0x013c, 0x0132,
  0x0129, 0x0121, 0x011a, 0x0115, 0x0111, 0x010e, 0x010c, 0x010a, 0x0109, 0x0108, 0x0108, 0x0109, 0x0109, 0x010b, 0x010d, 0x010f,
  0x0113, 0x0117, 0x011c, 0x0123, 0x012b, 0x0136, 0x0143, 0x0153, 0x0167, 0x017d, 0x0195, 0x01a7, 0x0140, 0x0137, 0x012d, 0x0124,
  0x011d, 0x0116, 0x0112, 0x010e, 0x010b, 0x0109, 0x0107, 0x0106, 0x0105, 0x0105, 0x0105, 0x0106, 0x0108, 0x0109, 0x010c, 0x010f,
  0x0113, 0x0118, 0x011e, 0x0126, 0x0130, 0x013d, 0x014c, 0x015f, 0x0174, 0x018a, 0x01a5, 0x013b, 0x0134, 0x012a, 0x0121, 0x011a,
  0x0114, 0x010f, 0x010b, 0x0109, 0x0106, 0x0105, 0x0104, 0x0103, 0x0103, 0x0103, 0x0104, 0x0106, 0x0107, 0x010a, 0x010d, 0x0110,
  0x0115, 0x011b, 0x0122, 0x012c, 0x0138, 0x0147, 0x0159, 0x016d, 0x0184, 0x0197, 0x013f, 0x0132, 0x0128, 0x011f, 0x0118, 0x0112,
  0x010e, 0x010a, 0x0107, 0x0105, 0x0104, 0x0103, 0x0102, 0x0102, 0x0102, 0x0103, 0x0104, 0x0106, 0x0108, 0x010b, 0x010f, 0x0113,
  0x0119, 0x0120, 0x012a, 0x0135, 0x0144, 0x0155, 0x0169, 0x017f, 0x019b, 0x013b, 0x0131, 0x0127, 0x011e, 0x0117, 0x0112, 0x010d,
  0x010a, 0x0107, 0x0105, 0x0103, 0x0102, 0x0102, 0x0101, 0x0102, 0x0103, 0x0104, 0x0106, 0x0108, 0x010b, 0x010e, 0x0113, 0x0118,
  0x011f, 0x0128, 0x0134, 0x0142, 0x0153, 0x0167, 0x017d, 0x0191, 0x013c, 0x0130, 0x0126, 0x011e, 0x0117, 0x0111, 0x010d, 0x010a,
  0x0107, 0x0105, 0x0103, 0x0102, 0x0102, 0x0102, 0x0102, 0x0103, 0x0104, 0x0106, 0x0108, 0x010b, 0x010e, 0x0112, 0x0118, 0x011f,
  0x0128, 0x0133, 0x0141, 0x0152, 0x0166, 0x017d, 0x0197, 0x0137, 0x0130, 0x0126, 0x011e, 0x0117, 0x0112, 0x010e, 0x010a, 0x0108,
  0x0106, 0x0104, 0x0103, 0x0102, 0x0102, 0x0102, 0x0103, 0x0104, 0x0106, 0x0108, 0x010b, 0x010f, 0x0113, 0x0118, 0x011f, 0x0128,
  0x0133, 0x0141, 0x0152, 0x0167, 0x017e, 0x0197, 0x0140, 0x0131, 0x0127, 0x011f, 0x0118, 0x0112, 0x010e, 0x010b, 0x0108, 0x0106,
  0x0105, 0x0104, 0x0103, 0x0103, 0x0103, 0x0104, 0x0105, 0x0107, 0x0109, 0x010c, 0x010f, 0x0114, 0x0119, 0x0120, 0x0129, 0x0134,
  0x0142, 0x0153, 0x0168, 0x017f, 0x0197, 0x013e, 0x0131, 0x0128, 0x0120, 0x0119, 0x0113, 0x010f, 0x010c, 0x010a, 0x0108, 0x0106,
  0x0105, 0x0104, 0x0104, 0x0104, 0x0105, 0x0106, 0x0108, 0x010a, 0x010d, 0x0111, 0x0115, 0x011b, 0x0122, 0x012b, 0x0136, 0x0144,
  0x0156, 0x016a, 0x0180, 0x019d, 0x0137, 0x0132, 0x0129, 0x0121, 0x011b, 0x0115, 0x0111, 0x010e, 0x010b, 0x0109, 0x0108, 0x0107,
  0x0106, 0x0106, 0x0106, 0x0107, 0x0108, 0x010a, 0x010c, 0x010f, 0x0112, 0x0117, 0x011d, 0x0124, 0x012e, 0x0139, 0x0148, 0x0159,
  0x016e, 0x0184, 0x0194, 0x013f, 0x0135, 0x012c, 0x0124, 0x011d, 0x0118, 0x0113, 0x0110, 0x010e, 0x010c, 0x010a, 0x0109, 0x0109,
  0x0108, 0x0109, 0x0109, 0x010a, 0x010c, 0x010e, 0x0111, 0x0115, 0x011a, 0x0120, 0x0127, 0x0131, 0x013d, 0x014d, 0x015f, 0x0174,
  0x018b, 0x01a1, 0x0142, 0x013a, 0x0131, 0x0128, 0x0121, 0x011b, 0x0116, 0x0113, 0x0111, 0x010f, 0x010d, 0x010c, 0x010c, 0x010c,
  0x010c, 0x010c, 0x010d, 0x010f, 0x0111, 0x0114, 0x0118, 0x011d, 0x0124, 0x012c, 0x0136, 0x0143, 0x0153, 0x0166, 0x017c, 0x0195,
  0x01b7, 0x014b, 0x0141, 0x0136, 0x012d, 0x0125, 0x011f, 0x011a, 0x0117, 0x0114, 0x0113, 0x0111, 0x0110, 0x0110, 0x010f, 0x0110,
  0x0110, 0x0111, 0x0112, 0x0115, 0x0118, 0x011c, 0x0121, 0x0128, 0x0131, 0x013b, 0x0149, 0x015a, 0x016e, 0x0186, 0x01a1, 0x01b5,
  0x0157, 0x0149, 0x013c, 0x0131, 0x0129, 0x0122, 0x011e, 0x011b, 0x0119, 0x0117, 0x0115, 0x0115, 0x0114, 0x0114, 0x0114, 0x0114,
  0x0115, 0x0116, 0x0118, 0x011b, 0x011f, 0x0125, 0x012c, 0x0135, 0x0140, 0x014e, 0x0161, 0x0175, 0x018f, 0x01ad, 0x01d4, 0x0163,
  0x0151, 0x0144, 0x0135, 0x012c, 0x0128, 0x0121, 0x011f, 0x011f, 0x011b, 0x011c, 0x0115, 0x011f, 0x0116, 0x011a, 0x011a, 0x0117,
  0x011a, 0x011c, 0x0120, 0x0121, 0x0127, 0x0135, 0x0138, 0x0146, 0x0155, 0x0163, 0x0185, 0x0193, 0x01b8, 0x01e5,
};

static const uint16_t kOs02n10Lsc3c0[] = {
  0x016b, 0x0160, 0x0152, 0x0141, 0x013c, 0x0136, 0x012e, 0x0127, 0x0123, 0x0120, 0x011c, 0x011b, 0x011e, 0x011d, 0x011c, 0x011c,
  0x011b, 0x011e, 0x0122, 0x0124, 0x012a, 0x0131, 0x0137, 0x0141, 0x014c, 0x015d, 0x0173, 0x0189, 0x01a9, 0x01d0, 0x01fb, 0x0167,
  0x0157, 0x014a, 0x013e, 0x0135, 0x012e, 0x0127, 0x0122, 0x011e, 0x011a, 0x0118, 0x0117, 0x0117, 0x0117, 0x0116, 0x0116, 0x0117,
  0x0119, 0x011c, 0x0120, 0x0124, 0x012a, 0x0132, 0x013b, 0x0147, 0x0156, 0x0169, 0x0181, 0x019d, 0x01bd, 0x01e1, 0x015c, 0x014e,
  0x0142, 0x0138, 0x012f, 0x0128, 0x0121, 0x011c, 0x0118, 0x0115, 0x0113, 0x0112, 0x0111, 0x0111, 0x0111, 0x0111, 0x0112, 0x0114,
  0x0117, 0x011a, 0x011f, 0x0125, 0x012c, 0x0135, 0x0140, 0x014f, 0x0160, 0x0176, 0x018f, 0x01aa, 0x01c6, 0x0150, 0x0145, 0x013b,
  0x0131, 0x0129, 0x0122, 0x011c, 0x0117, 0x0114, 0x0111, 0x010e, 0x010d, 0x010c, 0x010c, 0x010c, 0x010c, 0x010e, 0x010f, 0x0112,
  0x0115, 0x011a, 0x011f, 0x0126, 0x012e, 0x0139, 0x0147, 0x0157, 0x016b, 0x0181, 0x0199, 0x01b1, 0x0144, 0x013e, 0x0134, 0x012c,
  0x0124, 0x011d, 0x0117, 0x0113, 0x010f, 0x010d, 0x010b, 0x0109, 0x0108, 0x0108, 0x0108, 0x0109, 0x010a, 0x010c, 0x010e, 0x0111,
  0x0115, 0x011a, 0x0121, 0x0129, 0x0133, 0x0140, 0x014f, 0x0162, 0x0176, 0x018c, 0x01a0, 0x0141, 0x0138, 0x0130, 0x0127, 0x0120,
  0x0119, 0x0114, 0x0110, 0x010c, 0x010a, 0x0108, 0x0106, 0x0105, 0x0105, 0x0105, 0x0106, 0x0107, 0x0109, 0x010b, 0x010e, 0x0112,
  0x0117, 0x011d, 0x0125, 0x012e, 0x013a, 0x0149, 0x015b, 0x016e, 0x0183, 0x0199, 0x013f, 0x0135, 0x012d, 0x0124, 0x011d, 0x0117,
  0x0112, 0x010e, 0x010b, 0x0108, 0x0106, 0x0104, 0x0103, 0x0103, 0x0103, 0x0104, 0x0105, 0x0107, 0x0109, 0x010c, 0x0110, 0x0115,
  0x011a, 0x0122, 0x012b, 0x0137, 0x0145, 0x0156, 0x0169, 0x017e, 0x0193, 0x013c, 0x0134, 0x012b, 0x0123, 0x011c, 0x0116, 0x0111,
  0x010d, 0x010a, 0x0107, 0x0105, 0x0103, 0x0102, 0x0102, 0x0102, 0x0103, 0x0104, 0x0106, 0x0108, 0x010b, 0x010f, 0x0113, 0x0119,
  0x0121, 0x012a, 0x0135, 0x0143, 0x0153, 0x0167, 0x017c, 0x0191, 0x013d, 0x0134, 0x012b, 0x0123, 0x011c, 0x0116, 0x0111, 0x010d,
  0x010a, 0x0107, 0x0105, 0x0103, 0x0102, 0x0102, 0x0102, 0x0103, 0x0104, 0x0106, 0x0108, 0x010b, 0x010f, 0x0113, 0x0119, 0x0120,
  0x0129, 0x0134, 0x0142, 0x0153, 0x0166, 0x017b, 0x0195, 0x0140, 0x0135, 0x012c, 0x0123, 0x011c, 0x0116, 0x0111, 0x010d, 0x010a,
  0x0108, 0x0106, 0x0104, 0x0103, 0x0102, 0x0103, 0x0103, 0x0104, 0x0106, 0x0109, 0x010c, 0x010f, 0x0114, 0x011a, 0x0121, 0x012a,
  0x0135, 0x0143, 0x0154, 0x0167, 0x017d, 0x0192, 0x0143, 0x0137, 0x012d, 0x0124, 0x011d, 0x0117, 0x0112, 0x010f, 0x010b, 0x0109,
  0x0107, 0x0105, 0x0104, 0x0104, 0x0104, 0x0104, 0x0105, 0x0107, 0x010a, 0x010d, 0x0110, 0x0115, 0x011b, 0x0122, 0x012b, 0x0137,
  0x0145, 0x0156, 0x016a, 0x017f, 0x0197, 0x0143, 0x0138, 0x012e, 0x0126, 0x011e, 0x0119, 0x0114, 0x0110, 0x010d, 0x010a, 0x0108,
  0x0107, 0x0106, 0x0105, 0x0105, 0x0106, 0x0107, 0x0109, 0x010b, 0x010e, 0x0112, 0x0117, 0x011d, 0x0124, 0x012e, 0x0139, 0x0147,
  0x0159, 0x016d, 0x0184, 0x019d, 0x0144, 0x013a, 0x0130, 0x0127, 0x0120, 0x011a, 0x0115, 0x0111, 0x010e, 0x010c, 0x010a, 0x0108,
  0x0107, 0x0107, 0x0107, 0x0107, 0x0109, 0x010a, 0x010d, 0x0110, 0x0114, 0x0119, 0x011f, 0x0127, 0x0130, 0x013c, 0x014b, 0x015d,
  0x0172, 0x018a, 0x01a4, 0x0146, 0x013c, 0x0133, 0x012a, 0x0122, 0x011c, 0x0117, 0x0113, 0x0110, 0x010e, 0x010c, 0x010a, 0x0109,
  0x0109, 0x0109, 0x0109, 0x010b, 0x010c, 0x010f, 0x0112, 0x0116, 0x011b, 0x0121, 0x0129, 0x0133, 0x0140, 0x014f, 0x0162, 0x0178,
  0x0190, 0x01aa, 0x014b, 0x0140, 0x0136, 0x012c, 0x0125, 0x011e, 0x0119, 0x0115, 0x0112, 0x0110, 0x010e, 0x010c, 0x010b, 0x010b,
  0x010b, 0x010c, 0x010d, 0x010f, 0x0111, 0x0114, 0x0118, 0x011d, 0x0124, 0x012c, 0x0137, 0x0144, 0x0154, 0x0167, 0x017e, 0x0197,
  0x01b4, 0x0153, 0x0145, 0x0139, 0x012f, 0x0127, 0x0120, 0x011b, 0x0117, 0x0114, 0x0112, 0x0110, 0x010f, 0x010e, 0x010e, 0x010e,
  0x010e, 0x010f, 0x0111, 0x0113, 0x0117, 0x011b, 0x0120, 0x0127, 0x0130, 0x013a, 0x0148, 0x0159, 0x016d, 0x0185, 0x01a0, 0x01b8,
  0x0157, 0x0149, 0x013c, 0x0132, 0x0129, 0x0122, 0x011d, 0x0119, 0x0116, 0x0114, 0x0112, 0x0111, 0x0111, 0x0110, 0x0111, 0x0111,
  0x0112, 0x0113, 0x0115, 0x0119, 0x011d, 0x0123, 0x012a, 0x0132, 0x013d, 0x014b, 0x015d, 0x0172, 0x018d, 0x01a9, 0x01c7, 0x015a,
  0x014d, 0x013e, 0x0135, 0x012a, 0x0125, 0x011e, 0x011b, 0x011a, 0x0117, 0x0111, 0x0117, 0x0112, 0x0113, 0x0113, 0x0116, 0x0116,
  0x0117, 0x0115, 0x011c, 0x0121, 0x0124, 0x012c, 0x0136, 0x0140, 0x014d, 0x015c, 0x0179, 0x0192, 0x01bb, 0x01d6,
};

static const uint16_t kOs02n10Lsc3c1[] = {
  0x0171, 0x015c, 0x014e, 0x0141, 0x013b, 0x0130, 0x012c, 0x0126, 0x0124, 0x011e, 0x011f, 0x011c, 0x011d, 0x011b, 0x011e, 0x011d,
  0x0123, 0x0120, 0x0123, 0x0122, 0x012b, 0x0132, 0x013b, 0x0140, 0x014c, 0x015f, 0x0171, 0x0184, 0x01a7, 0x01c8, 0x01ee, 0x0165,
  0x0155, 0x0147, 0x013d, 0x0133, 0x012c, 0x0126, 0x0121, 0x011d, 0x011b, 0x0119, 0x0118, 0x0117, 0x0117, 0x0117, 0x0119, 0x011a,
  0x011c, 0x011d, 0x0120, 0x0125, 0x012c, 0x0133, 0x013c, 0x0147, 0x0156, 0x0168, 0x017f, 0x019a, 0x01ba, 0x01dc, 0x0157, 0x014c,
  0x0141, 0x0136, 0x012d, 0x0126, 0x0121, 0x011c, 0x0118, 0x0116, 0x0114, 0x0113, 0x0112, 0x0112, 0x0112, 0x0113, 0x0114, 0x0116,
  0x0118, 0x011c, 0x0120, 0x0126, 0x012d, 0x0135, 0x0140, 0x014e, 0x0160, 0x0175, 0x018e, 0x01aa, 0x01ca, 0x014e, 0x0144, 0x013a,
  0x0130, 0x0128, 0x0121, 0x011b, 0x0117, 0x0114, 0x0111, 0x010f, 0x010e, 0x010d, 0x010d, 0x010d, 0x010e, 0x010f, 0x0111, 0x0113,
  0x0117, 0x011b, 0x0120, 0x0127, 0x012f, 0x0139, 0x0147, 0x0157, 0x016a, 0x0182, 0x019b, 0x01b3, 0x0147, 0x013d, 0x0133, 0x012a,
  0x0123, 0x011c, 0x0117, 0x0113, 0x010f, 0x010d, 0x010b, 0x010a, 0x0109, 0x0109, 0x0109, 0x010a, 0x010b, 0x010d, 0x010f, 0x0112,
  0x0116, 0x011b, 0x0122, 0x0129, 0x0133, 0x0140, 0x014f, 0x0162, 0x0177, 0x018f, 0x01a6, 0x0140, 0x0138, 0x012f, 0x0126, 0x011f,
  0x0118, 0x0113, 0x010f, 0x010c, 0x010a, 0x0108, 0x0107, 0x0106, 0x0106, 0x0106, 0x0107, 0x0108, 0x010a, 0x010c, 0x010f, 0x0113,
  0x0118, 0x011e, 0x0125, 0x012e, 0x013a, 0x0149, 0x015b, 0x016f, 0x0186, 0x019f, 0x0142, 0x0134, 0x012b, 0x0123, 0x011c, 0x0116,
  0x0111, 0x010d, 0x010a, 0x0108, 0x0106, 0x0104, 0x0104, 0x0103, 0x0104, 0x0105, 0x0106, 0x0108, 0x010a, 0x010d, 0x0111, 0x0115,
  0x011b, 0x0122, 0x012b, 0x0136, 0x0144, 0x0156, 0x016a, 0x017f, 0x0199, 0x0137, 0x0132, 0x0129, 0x0121, 0x011a, 0x0114, 0x0110,
  0x010c, 0x0109, 0x0106, 0x0105, 0x0103, 0x0103, 0x0102, 0x0103, 0x0103, 0x0105, 0x0106, 0x0109, 0x010c, 0x010f, 0x0114, 0x0119,
  0x0120, 0x0129, 0x0134, 0x0142, 0x0153, 0x0166, 0x017b, 0x018d, 0x0139, 0x0131, 0x0128, 0x0120, 0x0119, 0x0114, 0x010f, 0x010c,
  0x0109, 0x0106, 0x0104, 0x0103, 0x0102, 0x0102, 0x0102, 0x0103, 0x0104, 0x0106, 0x0108, 0x010b, 0x010f, 0x0113, 0x0119, 0x0120,
  0x0129, 0x0133, 0x0141, 0x0152, 0x0165, 0x017a, 0x0191, 0x013d, 0x0131, 0x0129, 0x0121, 0x011a, 0x0114, 0x0110, 0x010c, 0x0109,
  0x0107, 0x0105, 0x0103, 0x0103, 0x0102, 0x0103, 0x0103, 0x0105, 0x0106, 0x0109, 0x010c, 0x010f, 0x0114, 0x0119, 0x0120, 0x0129,
  0x0134, 0x0142, 0x0152, 0x0166, 0x017c, 0x0192, 0x013b, 0x0133, 0x012a, 0x0121, 0x011b, 0x0115, 0x0111, 0x010d, 0x010a, 0x0108,
  0x0106, 0x0104, 0x0104, 0x0103, 0x0103, 0x0104, 0x0106, 0x0107, 0x010a, 0x010d, 0x0110, 0x0115, 0x011b, 0x0122, 0x012a, 0x0135,
  0x0143, 0x0154, 0x0168, 0x017f, 0x0199, 0x013f, 0x0135, 0x012b, 0x0123, 0x011c, 0x0116, 0x0112, 0x010e, 0x010b, 0x0109, 0x0107,
  0x0106, 0x0105, 0x0105, 0x0105, 0x0106, 0x0107, 0x0109, 0x010b, 0x010e, 0x0112, 0x0116, 0x011c, 0x0123, 0x012c, 0x0138, 0x0146,
  0x0157, 0x016c, 0x0183, 0x019d, 0x0145, 0x0137, 0x012e, 0x0125, 0x011e, 0x0118, 0x0114, 0x0110, 0x010d, 0x010b, 0x0109, 0x0108,
  0x0107, 0x0106, 0x0107, 0x0107, 0x0109, 0x010a, 0x010d, 0x0110, 0x0114, 0x0118, 0x011e, 0x0126, 0x012f, 0x013b, 0x0149, 0x015b,
  0x0170, 0x0188, 0x01a4, 0x0143, 0x013a, 0x0130, 0x0127, 0x0120, 0x011a, 0x0116, 0x0112, 0x010f, 0x010d, 0x010b, 0x010a, 0x0109,
  0x0108, 0x0109, 0x0109, 0x010b, 0x010c, 0x010f, 0x0112, 0x0116, 0x011b, 0x0121, 0x0129, 0x0132, 0x013f, 0x014e, 0x0160, 0x0176,
  0x018e, 0x01a5, 0x0147, 0x013d, 0x0133, 0x012a, 0x0123, 0x011d, 0x0118, 0x0114, 0x0112, 0x010f, 0x010d, 0x010c, 0x010b, 0x010b,
  0x010b, 0x010c, 0x010d, 0x010f, 0x0111, 0x0115, 0x0118, 0x011e, 0x0124, 0x012c, 0x0136, 0x0143, 0x0153, 0x0166, 0x017d, 0x0195,
  0x01af, 0x014c, 0x0141, 0x0137, 0x012e, 0x0126, 0x011f, 0x011b, 0x0117, 0x0114, 0x0112, 0x0110, 0x010f, 0x010e, 0x010e, 0x010e,
  0x010f, 0x0110, 0x0112, 0x0114, 0x0117, 0x011b, 0x0121, 0x0127, 0x012f, 0x013a, 0x0148, 0x0159, 0x016d, 0x0185, 0x019f, 0x01b8,
  0x0154, 0x0146, 0x013b, 0x0130, 0x0128, 0x0122, 0x011d, 0x011a, 0x0117, 0x0115, 0x0114, 0x0112, 0x0111, 0x0111, 0x0111, 0x0112,
  0x0113, 0x0115, 0x0117, 0x011a, 0x011e, 0x0124, 0x012a, 0x0132, 0x013e, 0x014c, 0x015e, 0x0174, 0x018d, 0x01aa, 0x01ca, 0x015c,
  0x014c, 0x013d, 0x0134, 0x012a, 0x0124, 0x011f, 0x011d, 0x011c, 0x011a, 0x0118, 0x0116, 0x0114, 0x0116, 0x0114, 0x0116, 0x0117,
  0x0118, 0x011a, 0x011d, 0x0123, 0x0125, 0x012e, 0x0133, 0x0140, 0x0150, 0x0161, 0x017d, 0x0196, 0x01b4, 0x01da,
};

static const uint16_t kOs02n10Lsc3c2[] = {
  0x0173, 0x015d, 0x014d, 0x0144, 0x0138, 0x0131, 0x012b, 0x0125, 0x0123, 0x011f, 0x011d, 0x011e, 0x011a, 0x011b, 0x0118, 0x011b,
  0x011c, 0x011e, 0x0122, 0x0123, 0x0127, 0x0131, 0x0138, 0x0143, 0x014d, 0x015b, 0x016c, 0x0188, 0x01a0, 0x01c6, 0x01ee, 0x0163,
  0x0155, 0x0148, 0x013c, 0x0133, 0x012b, 0x0125, 0x0121, 0x011d, 0x011a, 0x0118, 0x0117, 0x0116, 0x0115, 0x0115, 0x0116, 0x0117,
  0x0119, 0x011c, 0x011f, 0x0124, 0x012a, 0x0132, 0x013b, 0x0147, 0x0154, 0x0167, 0x017d, 0x0197, 0x01b6, 0x01d6, 0x0155, 0x014c,
  0x0141, 0x0136, 0x012d, 0x0126, 0x0120, 0x011b, 0x0118, 0x0115, 0x0113, 0x0112, 0x0111, 0x0110, 0x0110, 0x0111, 0x0112, 0x0114,
  0x0117, 0x011a, 0x011f, 0x0124, 0x012c, 0x0135, 0x0140, 0x014d, 0x015e, 0x0173, 0x018b, 0x01a6, 0x01c3, 0x0153, 0x0144, 0x013a,
  0x0130, 0x0127, 0x0121, 0x011b, 0x0116, 0x0113, 0x0110, 0x010e, 0x010d, 0x010c, 0x010c, 0x010c, 0x010d, 0x010e, 0x0110, 0x0112,
  0x0116, 0x011a, 0x011f, 0x0126, 0x012e, 0x0138, 0x0145, 0x0155, 0x0169, 0x017f, 0x0197, 0x01af, 0x0148, 0x013e, 0x0134, 0x012b,
  0x0123, 0x011c, 0x0117, 0x0112, 0x010f, 0x010c, 0x010a, 0x0109, 0x0108, 0x0108, 0x0108, 0x0109, 0x010a, 0x010c, 0x010e, 0x0111,
  0x0115, 0x011a, 0x0121, 0x0128, 0x0132, 0x013f, 0x014e, 0x0160, 0x0175, 0x018c, 0x01a4, 0x0144, 0x0139, 0x012f, 0x0126, 0x011f,
  0x0118, 0x0113, 0x010f, 0x010c, 0x0109, 0x0107, 0x0106, 0x0105, 0x0105, 0x0105, 0x0106, 0x0107, 0x0109, 0x010b, 0x010e, 0x0112,
  0x0117, 0x011d, 0x0124, 0x012e, 0x0139, 0x0148, 0x0159, 0x016d, 0x0183, 0x019b, 0x013f, 0x0134, 0x012b, 0x0123, 0x011c, 0x0116,
  0x0111, 0x010d, 0x010a, 0x0107, 0x0106, 0x0104, 0x0103, 0x0103, 0x0103, 0x0104, 0x0105, 0x0107, 0x0109, 0x010c, 0x0110, 0x0114,
  0x011a, 0x0121, 0x012a, 0x0136, 0x0144, 0x0154, 0x0168, 0x017c, 0x0190, 0x0138, 0x0131, 0x0129, 0x0121, 0x011a, 0x0115, 0x0110,
  0x010c, 0x0109, 0x0106, 0x0105, 0x0103, 0x0102, 0x0102, 0x0102, 0x0103, 0x0104, 0x0106, 0x0108, 0x010b, 0x010f, 0x0113, 0x0119,
  0x0120, 0x0129, 0x0134, 0x0141, 0x0151, 0x0164, 0x0178, 0x018c, 0x0137, 0x0131, 0x0128, 0x0121, 0x011a, 0x0114, 0x0110, 0x010c,
  0x0109, 0x0106, 0x0104, 0x0103, 0x0102, 0x0102, 0x0102, 0x0103, 0x0104, 0x0106, 0x0108, 0x010b, 0x010e, 0x0113, 0x0118, 0x011f,
  0x0128, 0x0133, 0x0140, 0x0151, 0x0164, 0x0178, 0x018c, 0x013d, 0x0132, 0x0129, 0x0121, 0x011a, 0x0115, 0x0110, 0x010c, 0x0109,
  0x0107, 0x0105, 0x0104, 0x0103, 0x0102, 0x0102, 0x0103, 0x0104, 0x0106, 0x0108, 0x010b, 0x010f, 0x0113, 0x0119, 0x0120, 0x0129,
  0x0133, 0x0141, 0x0151, 0x0165, 0x017a, 0x0195, 0x013e, 0x0134, 0x012a, 0x0122, 0x011b, 0x0116, 0x0111, 0x010d, 0x010a, 0x0108,
  0x0106, 0x0105, 0x0104, 0x0103, 0x0103, 0x0104, 0x0105, 0x0107, 0x0109, 0x010c, 0x0110, 0x0115, 0x011a, 0x0121, 0x012a, 0x0135,
  0x0143, 0x0153, 0x0167, 0x017d, 0x0196, 0x0141, 0x0135, 0x012c, 0x0124, 0x011d, 0x0117, 0x0112, 0x010f, 0x010c, 0x0109, 0x0107,
  0x0106, 0x0105, 0x0105, 0x0105, 0x0105, 0x0107, 0x0109, 0x010b, 0x010e, 0x0112, 0x0116, 0x011c, 0x0123, 0x012c, 0x0137, 0x0145,
  0x0156, 0x016a, 0x0180, 0x0194, 0x0141, 0x0137, 0x012e, 0x0126, 0x011e, 0x0119, 0x0114, 0x0110, 0x010d, 0x010b, 0x0109, 0x0108,
  0x0107, 0x0106, 0x0107, 0x0107, 0x0108, 0x010a, 0x010d, 0x0110, 0x0113, 0x0118, 0x011e, 0x0125, 0x012f, 0x013a, 0x0149, 0x015a,
  0x016f, 0x0185, 0x019f, 0x0144, 0x013a, 0x0131, 0x0128, 0x0121, 0x011b, 0x0116, 0x0112, 0x010f, 0x010d, 0x010b, 0x010a, 0x0109,
  0x0108, 0x0109, 0x0109, 0x010b, 0x010c, 0x010f, 0x0112, 0x0116, 0x011a, 0x0121, 0x0128, 0x0132, 0x013e, 0x014d, 0x015f, 0x0174,
  0x018c, 0x01a3, 0x0149, 0x013e, 0x0134, 0x012b, 0x0123, 0x011d, 0x0119, 0x0115, 0x0112, 0x010f, 0x010d, 0x010c, 0x010b, 0x010b,
  0x010b, 0x010c, 0x010d, 0x010f, 0x0111, 0x0114, 0x0118, 0x011d, 0x0123, 0x012b, 0x0136, 0x0142, 0x0152, 0x0165, 0x017c, 0x0194,
  0x01ae, 0x014b, 0x0142, 0x0138, 0x012e, 0x0126, 0x0120, 0x011b, 0x0118, 0x0114, 0x0112, 0x0110, 0x010f, 0x010e, 0x010e, 0x010e,
  0x010f, 0x0110, 0x0111, 0x0114, 0x0117, 0x011b, 0x0120, 0x0126, 0x012f, 0x0139, 0x0147, 0x0157, 0x016c, 0x0184, 0x019f, 0x01ba,
  0x0154, 0x0148, 0x013b, 0x0131, 0x0129, 0x0123, 0x011e, 0x011a, 0x0117, 0x0115, 0x0113, 0x0112, 0x0111, 0x0111, 0x0111, 0x0112,
  0x0113, 0x0114, 0x0116, 0x011a, 0x011e, 0x0123, 0x0129, 0x0131, 0x013c, 0x014a, 0x015b, 0x0172, 0x018c, 0x01ab, 0x01cf, 0x0169,
  0x014e, 0x013d, 0x0133, 0x012a, 0x0125, 0x0123, 0x011e, 0x011a, 0x0118, 0x0116, 0x0115, 0x0114, 0x0113, 0x0116, 0x0118, 0x0116,
  0x0116, 0x011a, 0x011c, 0x0121, 0x0129, 0x0128, 0x0134, 0x0141, 0x014b, 0x015c, 0x0177, 0x0196, 0x01b4, 0x01de,
};

static const uint16_t kOs02n10Lsc3c3[] = {
  0x0163, 0x015b, 0x0147, 0x013b, 0x0135, 0x0130, 0x0127, 0x011f, 0x011c, 0x011e, 0x0117, 0x011d, 0x011a, 0x0119, 0x0117, 0x011a,
  0x011f, 0x011e, 0x0120, 0x0126, 0x0126, 0x012d, 0x0135, 0x013d, 0x0148, 0x0157, 0x016a, 0x0184, 0x01a4, 0x01c2, 0x01e6, 0x015c,
  0x014d, 0x0141, 0x0136, 0x012e, 0x0128, 0x0121, 0x011c, 0x0119, 0x0117, 0x0116, 0x0115, 0x0115, 0x0114, 0x0114, 0x0115, 0x0117,
  0x0119, 0x011b, 0x011e, 0x0122, 0x0127, 0x012e, 0x0137, 0x0142, 0x0150, 0x0163, 0x017a, 0x0194, 0x01b3, 0x01cf, 0x014c, 0x0144,
  0x013a, 0x0130, 0x0128, 0x0121, 0x011c, 0x0118, 0x0114, 0x0112, 0x0111, 0x0110, 0x010f, 0x010f, 0x010f, 0x0110, 0x0111, 0x0113,
  0x0115, 0x0118, 0x011c, 0x0121, 0x0128, 0x0130, 0x013b, 0x0149, 0x015a, 0x016f, 0x0187, 0x01a1, 0x01c2, 0x0146, 0x013c, 0x0133,
  0x012a, 0x0122, 0x011c, 0x0117, 0x0113, 0x0110, 0x010e, 0x010c, 0x010b, 0x010b, 0x010b, 0x010b, 0x010b, 0x010d, 0x010e, 0x0110,
  0x0113, 0x0117, 0x011c, 0x0122, 0x012a, 0x0134, 0x0141, 0x0151, 0x0164, 0x017a, 0x0192, 0x01a6, 0x013e, 0x0136, 0x012d, 0x0124,
  0x011d, 0x0117, 0x0113, 0x010f, 0x010c, 0x010a, 0x0109, 0x0108, 0x0107, 0x0107, 0x0107, 0x0108, 0x0109, 0x010a, 0x010c, 0x010f,
  0x0113, 0x0117, 0x011d, 0x0125, 0x012e, 0x013a, 0x0149, 0x015b, 0x0170, 0x0186, 0x019d, 0x013d, 0x0132, 0x0129, 0x0121, 0x011a,
  0x0114, 0x0110, 0x010c, 0x010a, 0x0108, 0x0106, 0x0105, 0x0105, 0x0104, 0x0105, 0x0105, 0x0106, 0x0108, 0x010a, 0x010c, 0x0110,
  0x0114, 0x0119, 0x0120, 0x0129, 0x0135, 0x0143, 0x0154, 0x0168, 0x017e, 0x0199, 0x0138, 0x012e, 0x0126, 0x011e, 0x0117, 0x0112,
  0x010e, 0x010b, 0x0108, 0x0106, 0x0105, 0x0104, 0x0103, 0x0103, 0x0103, 0x0103, 0x0104, 0x0106, 0x0108, 0x010a, 0x010e, 0x0112,
  0x0117, 0x011e, 0x0126, 0x0131, 0x013f, 0x0150, 0x0163, 0x0179, 0x018e, 0x0133, 0x012d, 0x0124, 0x011d, 0x0116, 0x0111, 0x010d,
  0x010a, 0x0107, 0x0105, 0x0104, 0x0103, 0x0102, 0x0102, 0x0102, 0x0103, 0x0104, 0x0105, 0x0107, 0x010a, 0x010d, 0x0111, 0x0116,
  0x011c, 0x0125, 0x012f, 0x013d, 0x014d, 0x0161, 0x0176, 0x018e, 0x0139, 0x012c, 0x0124, 0x011c, 0x0116, 0x0111, 0x010d, 0x010a,
  0x0107, 0x0105, 0x0104, 0x0103, 0x0102, 0x0102, 0x0102, 0x0103, 0x0104, 0x0105, 0x0107, 0x010a, 0x010d, 0x0111, 0x0116, 0x011c,
  0x0124, 0x012f, 0x013c, 0x014c, 0x015f, 0x0175, 0x0191, 0x0134, 0x012d, 0x0124, 0x011d, 0x0116, 0x0111, 0x010e, 0x010a, 0x0108,
  0x0106, 0x0105, 0x0103, 0x0103, 0x0102, 0x0103, 0x0103, 0x0104, 0x0106, 0x0108, 0x010a, 0x010d, 0x0111, 0x0116, 0x011d, 0x0125,
  0x012f, 0x013c, 0x014c, 0x015f, 0x0174, 0x0187, 0x0139, 0x012e, 0x0125, 0x011e, 0x0117, 0x0112, 0x010e, 0x010b, 0x0109, 0x0107,
  0x0105, 0x0104, 0x0104, 0x0103, 0x0103, 0x0104, 0x0105, 0x0106, 0x0108, 0x010b, 0x010e, 0x0112, 0x0117, 0x011e, 0x0126, 0x0131,
  0x013e, 0x014e, 0x0161, 0x0176, 0x018b, 0x013b, 0x0130, 0x0127, 0x011f, 0x0118, 0x0113, 0x010f, 0x010c, 0x010a, 0x0108, 0x0107,
  0x0105, 0x0105, 0x0104, 0x0105, 0x0105, 0x0106, 0x0108, 0x010a, 0x010c, 0x010f, 0x0113, 0x0119, 0x011f, 0x0128, 0x0133, 0x0140,
  0x0151, 0x0164, 0x017a, 0x0198, 0x013d, 0x0132, 0x0129, 0x0121, 0x011a, 0x0115, 0x0111, 0x010e, 0x010b, 0x0109, 0x0108, 0x0107,
  0x0106, 0x0106, 0x0106, 0x0106, 0x0107, 0x0109, 0x010b, 0x010e, 0x0111, 0x0115, 0x011b, 0x0121, 0x012a, 0x0135, 0x0143, 0x0154,
  0x0169, 0x017f, 0x0194, 0x013e, 0x0134, 0x012b, 0x0123, 0x011c, 0x0116, 0x0112, 0x010f, 0x010d, 0x010b, 0x010a, 0x0108, 0x0108,
  0x0107, 0x0107, 0x0108, 0x0109, 0x010b, 0x010d, 0x010f, 0x0113, 0x0117, 0x011d, 0x0124, 0x012d, 0x0139, 0x0147, 0x0159, 0x016e,
  0x0185, 0x019f, 0x013f, 0x0137, 0x012e, 0x0125, 0x011e, 0x0118, 0x0114, 0x0111, 0x010e, 0x010d, 0x010b, 0x010a, 0x010a, 0x0109,
  0x0109, 0x010a, 0x010b, 0x010c, 0x010e, 0x0111, 0x0115, 0x0119, 0x011f, 0x0127, 0x0131, 0x013d, 0x014c, 0x015f, 0x0175, 0x018e,
  0x01a8, 0x0149, 0x013c, 0x0131, 0x0128, 0x0120, 0x011a, 0x0116, 0x0113, 0x0110, 0x010e, 0x010d, 0x010c, 0x010c, 0x010b, 0x010b,
  0x010c, 0x010d, 0x010e, 0x0111, 0x0113, 0x0117, 0x011b, 0x0122, 0x012a, 0x0135, 0x0142, 0x0152, 0x0165, 0x017d, 0x0198, 0x01b5,
  0x014f, 0x0142, 0x0134, 0x012b, 0x0123, 0x011c, 0x0118, 0x0114, 0x0112, 0x0110, 0x010f, 0x010f, 0x010e, 0x010e, 0x010d, 0x010e,
  0x010f, 0x0111, 0x0113, 0x0116, 0x0119, 0x011d, 0x0124, 0x012d, 0x0139, 0x0146, 0x0156, 0x016b, 0x0185, 0x01a3, 0x01c2, 0x0166,
  0x013e, 0x0137, 0x012c, 0x0126, 0x011e, 0x0116, 0x0118, 0x0113, 0x010f, 0x0115, 0x010f, 0x0116, 0x010e, 0x0110, 0x0110, 0x010f,
  0x0114, 0x0117, 0x0118, 0x011b, 0x011b, 0x0127, 0x0131, 0x013a, 0x014f, 0x0156, 0x0170, 0x018e, 0x01ab, 0x01d5,
};

static const uint16_t kOs02n10Lsc4c0[] = {
  0x015b, 0x0146, 0x0139, 0x0132, 0x012b, 0x0124, 0x011e, 0x0116, 0x0113, 0x0111, 0x010e, 0x010e, 0x010f, 0x010f, 0x010d, 0x010e,
  0x0110, 0x0112, 0x010d, 0x0115, 0x0116, 0x011b, 0x0123, 0x0127, 0x0135, 0x0143, 0x0156, 0x0168, 0x0180, 0x019e, 0x01c5, 0x0150,
  0x0143, 0x0137, 0x012e, 0x0127, 0x0120, 0x011a, 0x0115, 0x0111, 0x010f, 0x010d, 0x010c, 0x010c, 0x010c, 0x010b, 0x010c, 0x010c,
  0x010d, 0x010f, 0x0111, 0x0114, 0x0119, 0x011f, 0x0127, 0x0131, 0x013f, 0x014f, 0x0162, 0x0178, 0x0192, 0x01a6, 0x014a, 0x013e,
  0x0133, 0x012a, 0x0123, 0x011c, 0x0117, 0x0113, 0x010f, 0x010d, 0x010b, 0x010a, 0x0109, 0x0109, 0x0109, 0x0109, 0x010a, 0x010b,
  0x010c, 0x010f, 0x0112, 0x0116, 0x011c, 0x0124, 0x012d, 0x013a, 0x0148, 0x015a, 0x016f, 0x0185, 0x01a0, 0x0144, 0x0138, 0x012f,
  0x0126, 0x011f, 0x0119, 0x0114, 0x0110, 0x010d, 0x010b, 0x0109, 0x0108, 0x0107, 0x0107, 0x0107, 0x0107, 0x0107, 0x0108, 0x010a,
  0x010c, 0x010f, 0x0114, 0x0119, 0x0120, 0x0129, 0x0134, 0x0142, 0x0152, 0x0166, 0x017a, 0x0192, 0x013b, 0x0133, 0x012b, 0x0123,
  0x011c, 0x0116, 0x0112, 0x010e, 0x010b, 0x0109, 0x0107, 0x0106, 0x0105, 0x0105, 0x0105, 0x0105, 0x0106, 0x0107, 0x0108, 0x010a,
  0x010d, 0x0111, 0x0116, 0x011d, 0x0125, 0x012f, 0x013c, 0x014c, 0x015e, 0x0171, 0x0182, 0x0138, 0x0130, 0x0127, 0x0120, 0x0119,
  0x0114, 0x0110, 0x010c, 0x010a, 0x0107, 0x0106, 0x0105, 0x0104, 0x0103, 0x0103, 0x0103, 0x0104, 0x0105, 0x0106, 0x0108, 0x010b,
  0x010f, 0x0114, 0x011a, 0x0122, 0x012b, 0x0138, 0x0146, 0x0157, 0x016a, 0x017d, 0x0137, 0x012d, 0x0125, 0x011e, 0x0117, 0x0112,
  0x010e, 0x010b, 0x0108, 0x0106, 0x0105, 0x0104, 0x0103, 0x0102, 0x0102, 0x0102, 0x0103, 0x0104, 0x0105, 0x0107, 0x010a, 0x010d,
  0x0112, 0x0118, 0x011f, 0x0129, 0x0134, 0x0143, 0x0153, 0x0165, 0x017a, 0x0133, 0x012b, 0x0123, 0x011c, 0x0116, 0x0111, 0x010d,
  0x010a, 0x0108, 0x0106, 0x0104, 0x0103, 0x0102, 0x0101, 0x0101, 0x0102, 0x0102, 0x0103, 0x0105, 0x0107, 0x0109, 0x010c, 0x0111,
  0x0116, 0x011e, 0x0127, 0x0132, 0x0140, 0x0150, 0x0162, 0x0174, 0x012f, 0x0129, 0x0122, 0x011b, 0x0116, 0x0111, 0x010d, 0x010a,
  0x0107, 0x0105, 0x0104, 0x0102, 0x0102, 0x0101, 0x0101, 0x0101, 0x0102, 0x0103, 0x0104, 0x0106, 0x0109, 0x010c, 0x0110, 0x0116,
  0x011d, 0x0126, 0x0131, 0x013f, 0x014f, 0x0160, 0x0170, 0x0131, 0x0129, 0x0122, 0x011b, 0x0115, 0x0111, 0x010d, 0x010a, 0x0107,
  0x0105, 0x0104, 0x0102, 0x0102, 0x0101, 0x0101, 0x0101, 0x0102, 0x0103, 0x0104, 0x0106, 0x0109, 0x010c, 0x0110, 0x0116, 0x011d,
  0x0126, 0x0131, 0x013f, 0x014f, 0x0160, 0x0171, 0x0134, 0x012a, 0x0122, 0x011b, 0x0116, 0x0111, 0x010d, 0x010a, 0x0108, 0x0106,
  0x0104, 0x0103, 0x0102, 0x0101, 0x0101, 0x0101, 0x0102, 0x0103, 0x0105, 0x0107, 0x0109, 0x010d, 0x0111, 0x0117, 0x011e, 0x0127,
  0x0132, 0x0140, 0x0150, 0x0162, 0x0176, 0x0132, 0x012b, 0x0123, 0x011c, 0x0116, 0x0111, 0x010e, 0x010a, 0x0108, 0x0106, 0x0104,
  0x0103, 0x0102, 0x0102, 0x0102, 0x0102, 0x0103, 0x0104, 0x0105, 0x0107, 0x010a, 0x010d, 0x0112, 0x0118, 0x011f, 0x0128, 0x0134,
  0x0142, 0x0153, 0x0165, 0x0178, 0x0135, 0x012d, 0x0125, 0x011d, 0x0117, 0x0112, 0x010e, 0x010b, 0x0109, 0x0107, 0x0105, 0x0104,
  0x0103, 0x0102, 0x0102, 0x0103, 0x0103, 0x0104, 0x0106, 0x0108, 0x010b, 0x010e, 0x0113, 0x0119, 0x0121, 0x012a, 0x0137, 0x0145,
  0x0156, 0x0169, 0x017c, 0x013a, 0x0130, 0x0127, 0x011f, 0x0118, 0x0113, 0x010f, 0x010c, 0x0109, 0x0107, 0x0106, 0x0104, 0x0103,
  0x0103, 0x0103, 0x0103, 0x0104, 0x0105, 0x0107, 0x0109, 0x010c, 0x010f, 0x0114, 0x011b, 0x0123, 0x012d, 0x013a, 0x0149, 0x015b,
  0x016e, 0x0183, 0x0140, 0x0132, 0x0129, 0x0120, 0x0119, 0x0114, 0x0110, 0x010c, 0x010a, 0x0108, 0x0106, 0x0105, 0x0104, 0x0104,
  0x0104, 0x0104, 0x0105, 0x0106, 0x0107, 0x010a, 0x010d, 0x0111, 0x0116, 0x011c, 0x0125, 0x0130, 0x013d, 0x014e, 0x0161, 0x0176,
  0x018a, 0x013f, 0x0135, 0x012b, 0x0122, 0x011a, 0x0114, 0x0110, 0x010d, 0x010a, 0x0108, 0x0107, 0x0106, 0x0105, 0x0104, 0x0104,
  0x0105, 0x0105, 0x0107, 0x0108, 0x010a, 0x010d, 0x0111, 0x0117, 0x011e, 0x0127, 0x0133, 0x0141, 0x0152, 0x0167, 0x017e, 0x0198,
  0x0143, 0x0138, 0x012c, 0x0122, 0x011b, 0x0115, 0x0110, 0x010d, 0x010b, 0x0109, 0x0107, 0x0106, 0x0105, 0x0105, 0x0105, 0x0105,
  0x0106, 0x0107, 0x0109, 0x010b, 0x010d, 0x0112, 0x0118, 0x011f, 0x0129, 0x0135, 0x0143, 0x0156, 0x016c, 0x0187, 0x01a6, 0x0156,
  0x0139, 0x012a, 0x0122, 0x011a, 0x0114, 0x010e, 0x010c, 0x010c, 0x010a, 0x0107, 0x0105, 0x0105, 0x0107, 0x0104, 0x0106, 0x0106,
  0x0108, 0x010b, 0x010a, 0x010c, 0x0111, 0x0119, 0x0120, 0x0127, 0x0136, 0x0145, 0x0156, 0x016f, 0x018f, 0x01b4,
};

static const uint16_t kOs02n10Lsc4c1[] = {
  0x0154, 0x0142, 0x0136, 0x012d, 0x0127, 0x011d, 0x011a, 0x0115, 0x0112, 0x0111, 0x010f, 0x010f, 0x0111, 0x0110, 0x010f, 0x0112,
  0x0111, 0x0112, 0x0115, 0x0115, 0x011b, 0x0121, 0x0126, 0x0128, 0x012f, 0x0141, 0x0154, 0x0163, 0x017b, 0x0194, 0x01b6, 0x0148,
  0x013d, 0x0133, 0x012a, 0x0122, 0x011c, 0x0117, 0x0113, 0x0110, 0x010f, 0x010e, 0x010d, 0x010d, 0x010d, 0x010d, 0x010e, 0x010f,
  0x0110, 0x0111, 0x0114, 0x0117, 0x011c, 0x0121, 0x0126, 0x012f, 0x013c, 0x014b, 0x015d, 0x0172, 0x018a, 0x01a3, 0x0140, 0x0137,
  0x012e, 0x0126, 0x011f, 0x0119, 0x0114, 0x0111, 0x010e, 0x010d, 0x010b, 0x010b, 0x010a, 0x010a, 0x010a, 0x010b, 0x010c, 0x010d,
  0x010e, 0x0110, 0x0114, 0x0118, 0x011d, 0x0123, 0x012c, 0x0137, 0x0145, 0x0156, 0x0169, 0x017e, 0x0196, 0x013b, 0x0132, 0x012a,
  0x0122, 0x011b, 0x0116, 0x0112, 0x010f, 0x010c, 0x010a, 0x0109, 0x0108, 0x0108, 0x0108, 0x0108, 0x0108, 0x0109, 0x010a, 0x010b,
  0x010d, 0x0110, 0x0114, 0x0119, 0x011f, 0x0127, 0x0131, 0x013e, 0x014e, 0x0160, 0x0173, 0x0184, 0x0137, 0x012d, 0x0125, 0x011e,
  0x0118, 0x0113, 0x010f, 0x010c, 0x010a, 0x0108, 0x0107, 0x0106, 0x0106, 0x0106, 0x0106, 0x0106, 0x0107, 0x0108, 0x0109, 0x010b,
  0x010e, 0x0111, 0x0115, 0x011b, 0x0123, 0x012d, 0x0139, 0x0147, 0x0158, 0x016a, 0x0180, 0x0130, 0x0129, 0x0122, 0x011b, 0x0116,
  0x0111, 0x010d, 0x010a, 0x0108, 0x0107, 0x0105, 0x0105, 0x0104, 0x0104, 0x0104, 0x0104, 0x0105, 0x0106, 0x0107, 0x0109, 0x010b,
  0x010f, 0x0113, 0x0118, 0x011f, 0x0129, 0x0134, 0x0142, 0x0153, 0x0165, 0x0174, 0x012d, 0x0126, 0x011f, 0x0119, 0x0114, 0x010f,
  0x010c, 0x0109, 0x0107, 0x0105, 0x0104, 0x0103, 0x0103, 0x0102, 0x0102, 0x0103, 0x0103, 0x0104, 0x0106, 0x0107, 0x010a, 0x010d,
  0x0111, 0x0116, 0x011d, 0x0126, 0x0131, 0x013e, 0x014e, 0x0160, 0x0176, 0x012b, 0x0124, 0x011e, 0x0118, 0x0112, 0x010e, 0x010b,
  0x0108, 0x0106, 0x0104, 0x0103, 0x0102, 0x0102, 0x0102, 0x0102, 0x0102, 0x0103, 0x0103, 0x0105, 0x0107, 0x0109, 0x010c, 0x0110,
  0x0115, 0x011b, 0x0124, 0x012f, 0x013c, 0x014c, 0x015d, 0x016f, 0x012b, 0x0123, 0x011d, 0x0117, 0x0112, 0x010e, 0x010a, 0x0108,
  0x0106, 0x0104, 0x0103, 0x0102, 0x0101, 0x0101, 0x0101, 0x0101, 0x0102, 0x0103, 0x0104, 0x0106, 0x0108, 0x010b, 0x010f, 0x0114,
  0x011a, 0x0123, 0x012e, 0x013b, 0x014a, 0x015b, 0x016d, 0x012b, 0x0123, 0x011d, 0x0117, 0x0111, 0x010d, 0x010a, 0x0108, 0x0106,
  0x0104, 0x0103, 0x0102, 0x0101, 0x0101, 0x0101, 0x0101, 0x0102, 0x0103, 0x0104, 0x0106, 0x0108, 0x010b, 0x010f, 0x0114, 0x011a,
  0x0123, 0x012d, 0x013b, 0x014a, 0x015c, 0x016e, 0x012b, 0x0124, 0x011d, 0x0117, 0x0112, 0x010e, 0x010a, 0x0108, 0x0106, 0x0104,
  0x0103, 0x0102, 0x0101, 0x0101, 0x0101, 0x0101, 0x0102, 0x0103, 0x0104, 0x0106, 0x0109, 0x010c, 0x010f, 0x0114, 0x011b, 0x0123,
  0x012e, 0x013c, 0x014c, 0x015d, 0x0171, 0x012c, 0x0124, 0x011d, 0x0117, 0x0112, 0x010e, 0x010b, 0x0108, 0x0106, 0x0105, 0x0103,
  0x0102, 0x0102, 0x0101, 0x0101, 0x0102, 0x0103, 0x0104, 0x0105, 0x0107, 0x0109, 0x010c, 0x0110, 0x0115, 0x011c, 0x0125, 0x0130,
  0x013e, 0x014e, 0x0160, 0x0174, 0x012c, 0x0125, 0x011f, 0x0118, 0x0113, 0x010f, 0x010b, 0x0109, 0x0107, 0x0105, 0x0104, 0x0103,
  0x0102, 0x0102, 0x0102, 0x0102, 0x0103, 0x0104, 0x0106, 0x0108, 0x010a, 0x010d, 0x0111, 0x0117, 0x011e, 0x0127, 0x0133, 0x0141,
  0x0152, 0x0165, 0x017a, 0x012f, 0x0128, 0x0120, 0x011a, 0x0114, 0x0110, 0x010c, 0x010a, 0x0108, 0x0106, 0x0105, 0x0104, 0x0103,
  0x0103, 0x0103, 0x0103, 0x0104, 0x0105, 0x0107, 0x0109, 0x010b, 0x010e, 0x0113, 0x0119, 0x0120, 0x012a, 0x0136, 0x0145, 0x0156,
  0x016a, 0x017f, 0x0133, 0x012b, 0x0123, 0x011c, 0x0116, 0x0111, 0x010e, 0x010b, 0x0109, 0x0107, 0x0106, 0x0105, 0x0104, 0x0104,
  0x0104, 0x0104, 0x0105, 0x0106, 0x0108, 0x010a, 0x010c, 0x0110, 0x0115, 0x011b, 0x0123, 0x012d, 0x013a, 0x0149, 0x015c, 0x0170,
  0x0189, 0x0138, 0x012e, 0x0126, 0x011e, 0x0117, 0x0112, 0x010f, 0x010c, 0x010a, 0x0109, 0x0107, 0x0106, 0x0105, 0x0105, 0x0105,
  0x0105, 0x0106, 0x0107, 0x0109, 0x010b, 0x010e, 0x0112, 0x0117, 0x011d, 0x0125, 0x0130, 0x013e, 0x014e, 0x0162, 0x0178, 0x0189,
  0x013d, 0x0133, 0x0128, 0x011f, 0x0118, 0x0113, 0x010f, 0x010d, 0x010b, 0x010a, 0x0109, 0x0107, 0x0107, 0x0106, 0x0106, 0x0107,
  0x0107, 0x0109, 0x010a, 0x010c, 0x010f, 0x0113, 0x0118, 0x011f, 0x0127, 0x0133, 0x0142, 0x0153, 0x0168, 0x0180, 0x019e, 0x0150,
  0x0138, 0x0127, 0x0121, 0x0119, 0x0113, 0x010f, 0x010e, 0x010b, 0x010e, 0x010d, 0x0108, 0x0106, 0x010a, 0x0107, 0x0107, 0x0109,
  0x010c, 0x0109, 0x010f, 0x0110, 0x0113, 0x011a, 0x0120, 0x0127, 0x0135, 0x0148, 0x0156, 0x016a, 0x018d, 0x01a8,
};

static const uint16_t kOs02n10Lsc4c2[] = {
  0x0153, 0x013f, 0x0134, 0x012f, 0x0126, 0x011f, 0x011b, 0x0117, 0x0115, 0x0113, 0x0112, 0x0112, 0x010f, 0x010e, 0x010e, 0x0110,
  0x010f, 0x0111, 0x0112, 0x0117, 0x0118, 0x0120, 0x0126, 0x012b, 0x0135, 0x0140, 0x014e, 0x0164, 0x0178, 0x0192, 0x01a7, 0x0147,
  0x013c, 0x0132, 0x012a, 0x0123, 0x011d, 0x0118, 0x0114, 0x0112, 0x0110, 0x010f, 0x010e, 0x010d, 0x010c, 0x010c, 0x010c, 0x010d,
  0x010e, 0x0110, 0x0113, 0x0116, 0x011b, 0x0121, 0x0128, 0x0130, 0x013c, 0x014a, 0x015c, 0x0170, 0x0186, 0x019e, 0x0141, 0x0137,
  0x012e, 0x0126, 0x011f, 0x0119, 0x0115, 0x0112, 0x010f, 0x010d, 0x010c, 0x010b, 0x010a, 0x010a, 0x010a, 0x010a, 0x010b, 0x010c,
  0x010d, 0x0110, 0x0113, 0x0117, 0x011c, 0x0123, 0x012c, 0x0136, 0x0144, 0x0154, 0x0167, 0x017c, 0x0192, 0x0138, 0x0132, 0x0129,
  0x0122, 0x011b, 0x0116, 0x0112, 0x010f, 0x010c, 0x010b, 0x0109, 0x0108, 0x0108, 0x0107, 0x0107, 0x0107, 0x0108, 0x0109, 0x010b,
  0x010d, 0x0110, 0x0113, 0x0118, 0x011f, 0x0127, 0x0131, 0x013d, 0x014d, 0x015f, 0x0172, 0x0188, 0x0137, 0x012d, 0x0125, 0x011e,
  0x0118, 0x0113, 0x010f, 0x010c, 0x010a, 0x0108, 0x0107, 0x0106, 0x0106, 0x0105, 0x0105, 0x0105, 0x0106, 0x0107, 0x0108, 0x010a,
  0x010d, 0x0110, 0x0115, 0x011b, 0x0122, 0x012c, 0x0138, 0x0146, 0x0157, 0x016a, 0x017b, 0x0131, 0x0129, 0x0122, 0x011b, 0x0116,
  0x0111, 0x010d, 0x010b, 0x0108, 0x0107, 0x0105, 0x0105, 0x0104, 0x0104, 0x0103, 0x0104, 0x0104, 0x0105, 0x0107, 0x0108, 0x010b,
  0x010e, 0x0112, 0x0118, 0x011f, 0x0128, 0x0133, 0x0141, 0x0152, 0x0163, 0x0177, 0x012c, 0x0126, 0x011f, 0x0119, 0x0114, 0x010f,
  0x010c, 0x0109, 0x0107, 0x0105, 0x0104, 0x0103, 0x0103, 0x0102, 0x0102, 0x0102, 0x0103, 0x0104, 0x0105, 0x0107, 0x0109, 0x010c,
  0x0110, 0x0115, 0x011c, 0x0125, 0x0130, 0x013d, 0x014d, 0x015f, 0x0173, 0x012b, 0x0124, 0x011e, 0x0118, 0x0113, 0x010e, 0x010b,
  0x0108, 0x0106, 0x0105, 0x0103, 0x0102, 0x0102, 0x0101, 0x0101, 0x0102, 0x0102, 0x0103, 0x0104, 0x0106, 0x0108, 0x010b, 0x010f,
  0x0114, 0x011b, 0x0123, 0x012e, 0x013b, 0x014a, 0x015c, 0x016c, 0x0129, 0x0123, 0x011d, 0x0117, 0x0112, 0x010e, 0x010b, 0x0108,
  0x0106, 0x0104, 0x0103, 0x0102, 0x0101, 0x0101, 0x0101, 0x0101, 0x0102, 0x0103, 0x0104, 0x0106, 0x0108, 0x010b, 0x010f, 0x0113,
  0x011a, 0x0122, 0x012d, 0x013a, 0x0149, 0x015a, 0x016c, 0x012a, 0x0124, 0x011d, 0x0117, 0x0112, 0x010e, 0x010b, 0x0108, 0x0106,
  0x0104, 0x0103, 0x0102, 0x0101, 0x0101, 0x0101, 0x0101, 0x0102, 0x0103, 0x0104, 0x0106, 0x0108, 0x010b, 0x010f, 0x0114, 0x011a,
  0x0122, 0x012d, 0x013a, 0x0149, 0x015a, 0x016f, 0x012f, 0x0125, 0x011d, 0x0117, 0x0112, 0x010e, 0x010b, 0x0108, 0x0106, 0x0105,
  0x0103, 0x0102, 0x0102, 0x0101, 0x0101, 0x0101, 0x0102, 0x0103, 0x0104, 0x0106, 0x0108, 0x010b, 0x010f, 0x0114, 0x011b, 0x0123,
  0x012e, 0x013b, 0x014a, 0x015b, 0x016b, 0x012e, 0x0125, 0x011e, 0x0118, 0x0113, 0x010f, 0x010b, 0x0109, 0x0107, 0x0105, 0x0104,
  0x0103, 0x0102, 0x0102, 0x0102, 0x0102, 0x0102, 0x0103, 0x0105, 0x0107, 0x0109, 0x010c, 0x0110, 0x0115, 0x011c, 0x0124, 0x012f,
  0x013d, 0x014c, 0x015d, 0x0171, 0x012d, 0x0126, 0x011f, 0x0119, 0x0114, 0x010f, 0x010c, 0x0109, 0x0107, 0x0106, 0x0104, 0x0103,
  0x0103, 0x0102, 0x0102, 0x0102, 0x0103, 0x0104, 0x0105, 0x0107, 0x010a, 0x010d, 0x0111, 0x0117, 0x011e, 0x0127, 0x0132, 0x0140,
  0x0150, 0x0162, 0x0173, 0x012e, 0x0128, 0x0121, 0x011a, 0x0115, 0x0110, 0x010d, 0x010a, 0x0108, 0x0107, 0x0105, 0x0104, 0x0104,
  0x0103, 0x0103, 0x0103, 0x0104, 0x0105, 0x0106, 0x0108, 0x010b, 0x010e, 0x0113, 0x0118, 0x0120, 0x0129, 0x0135, 0x0144, 0x0155,
  0x0168, 0x017c, 0x0133, 0x012a, 0x0123, 0x011c, 0x0116, 0x0112, 0x010e, 0x010b, 0x0109, 0x0108, 0x0106, 0x0105, 0x0105, 0x0104,
  0x0104, 0x0104, 0x0105, 0x0106, 0x0107, 0x010a, 0x010c, 0x0110, 0x0115, 0x011b, 0x0122, 0x012d, 0x0139, 0x0149, 0x015b, 0x016f,
  0x0189, 0x0135, 0x012e, 0x0126, 0x011e, 0x0118, 0x0113, 0x010f, 0x010c, 0x010a, 0x0109, 0x0108, 0x0107, 0x0106, 0x0105, 0x0105,
  0x0105, 0x0106, 0x0107, 0x0109, 0x010b, 0x010e, 0x0112, 0x0116, 0x011d, 0x0125, 0x0130, 0x013d, 0x014e, 0x0161, 0x0178, 0x018b,
  0x013e, 0x0132, 0x0128, 0x0120, 0x011a, 0x0114, 0x0110, 0x010d, 0x010b, 0x010a, 0x0109, 0x0108, 0x0107, 0x0107, 0x0106, 0x0106,
  0x0107, 0x0108, 0x010a, 0x010d, 0x010f, 0x0113, 0x0118, 0x011e, 0x0127, 0x0133, 0x0141, 0x0152, 0x0167, 0x0180, 0x019d, 0x0149,
  0x0132, 0x012a, 0x0124, 0x011a, 0x0114, 0x0110, 0x010e, 0x010b, 0x010e, 0x010a, 0x0109, 0x0108, 0x0109, 0x0107, 0x0107, 0x0107,
  0x0108, 0x010d, 0x010c, 0x0113, 0x0115, 0x0116, 0x011f, 0x0128, 0x0136, 0x0143, 0x0155, 0x016b, 0x018a, 0x01a9,
};

static const uint16_t kOs02n10Lsc4c3[] = {
  0x0153, 0x0145, 0x0134, 0x012d, 0x0121, 0x011f, 0x0118, 0x0113, 0x0111, 0x0111, 0x0111, 0x0114, 0x0110, 0x0111, 0x0111, 0x0113,
  0x0111, 0x0115, 0x0112, 0x0118, 0x0119, 0x0120, 0x0121, 0x012b, 0x0133, 0x013f, 0x0151, 0x0162, 0x017c, 0x0195, 0x01bd, 0x0142,
  0x013b, 0x0131, 0x0127, 0x0120, 0x011a, 0x0115, 0x0112, 0x010f, 0x010e, 0x010e, 0x010e, 0x010d, 0x010d, 0x010e, 0x010e, 0x010f,
  0x010f, 0x0111, 0x0113, 0x0116, 0x011a, 0x011f, 0x0126, 0x012f, 0x013b, 0x014a, 0x015c, 0x0172, 0x018b, 0x01a8, 0x013d, 0x0134,
  0x012b, 0x0123, 0x011c, 0x0117, 0x0112, 0x010f, 0x010d, 0x010c, 0x010b, 0x010a, 0x010a, 0x010a, 0x010a, 0x010a, 0x010b, 0x010c,
  0x010d, 0x010f, 0x0112, 0x0116, 0x011b, 0x0122, 0x012a, 0x0135, 0x0143, 0x0154, 0x0168, 0x017d, 0x0193, 0x0139, 0x012f, 0x0126,
  0x011f, 0x0118, 0x0113, 0x010f, 0x010d, 0x010a, 0x0109, 0x0108, 0x0108, 0x0107, 0x0107, 0x0107, 0x0107, 0x0108, 0x0109, 0x010a,
  0x010c, 0x010f, 0x0112, 0x0117, 0x011d, 0x0125, 0x012f, 0x013c, 0x014c, 0x015e, 0x0172, 0x0183, 0x0132, 0x012a, 0x0122, 0x011b,
  0x0115, 0x0110, 0x010d, 0x010a, 0x0108, 0x0107, 0x0106, 0x0105, 0x0105, 0x0105, 0x0105, 0x0105, 0x0106, 0x0106, 0x0108, 0x0109,
  0x010c, 0x010f, 0x0114, 0x0119, 0x0121, 0x012a, 0x0136, 0x0145, 0x0156, 0x0169, 0x017f, 0x012b, 0x0125, 0x011f, 0x0118, 0x0113,
  0x010e, 0x010b, 0x0108, 0x0107, 0x0105, 0x0104, 0x0104, 0x0103, 0x0103, 0x0103, 0x0103, 0x0104, 0x0105, 0x0106, 0x0107, 0x010a,
  0x010d, 0x0111, 0x0116, 0x011d, 0x0126, 0x0131, 0x013f, 0x0150, 0x0162, 0x0178, 0x012a, 0x0123, 0x011c, 0x0116, 0x0111, 0x010d,
  0x010a, 0x0107, 0x0105, 0x0104, 0x0103, 0x0102, 0x0102, 0x0102, 0x0102, 0x0102, 0x0103, 0x0103, 0x0105, 0x0106, 0x0108, 0x010b,
  0x010f, 0x0114, 0x011a, 0x0123, 0x012e, 0x013b, 0x014b, 0x015d, 0x016c, 0x012b, 0x0122, 0x011b, 0x0115, 0x0110, 0x010c, 0x0109,
  0x0106, 0x0105, 0x0103, 0x0102, 0x0102, 0x0101, 0x0101, 0x0101, 0x0101, 0x0102, 0x0103, 0x0104, 0x0105, 0x0107, 0x010a, 0x010e,
  0x0112, 0x0119, 0x0121, 0x012c, 0x0139, 0x0148, 0x0158, 0x016c, 0x0128, 0x0121, 0x011a, 0x0114, 0x010f, 0x010b, 0x0108, 0x0106,
  0x0104, 0x0103, 0x0102, 0x0101, 0x0101, 0x0101, 0x0101, 0x0101, 0x0102, 0x0102, 0x0103, 0x0105, 0x0107, 0x0109, 0x010d, 0x0112,
  0x0118, 0x0120, 0x012a, 0x0137, 0x0146, 0x0156, 0x0167, 0x0128, 0x0121, 0x011a, 0x0114, 0x010f, 0x010b, 0x0108, 0x0106, 0x0105,
  0x0103, 0x0102, 0x0101, 0x0101, 0x0101, 0x0101, 0x0101, 0x0102, 0x0102, 0x0103, 0x0105, 0x0107, 0x010a, 0x010d, 0x0112, 0x0118,
  0x0120, 0x012a, 0x0137, 0x0146, 0x0155, 0x0166, 0x012b, 0x0122, 0x011b, 0x0114, 0x0110, 0x010c, 0x0109, 0x0107, 0x0105, 0x0104,
  0x0103, 0x0102, 0x0101, 0x0101, 0x0101, 0x0101, 0x0102, 0x0103, 0x0104, 0x0105, 0x0107, 0x010a, 0x010d, 0x0112, 0x0119, 0x0121,
  0x012b, 0x0138, 0x0147, 0x0158, 0x0165, 0x012c, 0x0123, 0x011c, 0x0115, 0x0110, 0x010c, 0x0109, 0x0107, 0x0105, 0x0104, 0x0103,
  0x0102, 0x0102, 0x0102, 0x0102, 0x0102, 0x0102, 0x0103, 0x0104, 0x0106, 0x0108, 0x010b, 0x010e, 0x0113, 0x011a, 0x0122, 0x012d,
  0x013a, 0x014a, 0x015b, 0x0173, 0x012e, 0x0124, 0x011d, 0x0116, 0x0111, 0x010d, 0x010a, 0x0108, 0x0106, 0x0105, 0x0104, 0x0103,
  0x0103, 0x0102, 0x0102, 0x0102, 0x0103, 0x0104, 0x0105, 0x0107, 0x0109, 0x010c, 0x0110, 0x0115, 0x011c, 0x0124, 0x0130, 0x013d,
  0x014d, 0x015f, 0x0172, 0x012b, 0x0126, 0x011e, 0x0118, 0x0112, 0x010e, 0x010b, 0x0109, 0x0107, 0x0105, 0x0105, 0x0104, 0x0103,
  0x0103, 0x0103, 0x0103, 0x0104, 0x0105, 0x0106, 0x0108, 0x010a, 0x010d, 0x0111, 0x0117, 0x011e, 0x0127, 0x0133, 0x0141, 0x0152,
  0x0164, 0x0173, 0x0131, 0x0128, 0x0120, 0x0119, 0x0114, 0x010f, 0x010c, 0x0109, 0x0108, 0x0106, 0x0105, 0x0105, 0x0104, 0x0104,
  0x0104, 0x0104, 0x0105, 0x0106, 0x0107, 0x0109, 0x010b, 0x010f, 0x0113, 0x0119, 0x0121, 0x012a, 0x0137, 0x0146, 0x0158, 0x016c,
  0x0183, 0x0134, 0x012c, 0x0123, 0x011b, 0x0115, 0x0110, 0x010c, 0x010a, 0x0108, 0x0107, 0x0106, 0x0106, 0x0105, 0x0105, 0x0105,
  0x0105, 0x0106, 0x0107, 0x0108, 0x010a, 0x010d, 0x0110, 0x0115, 0x011b, 0x0123, 0x012d, 0x013b, 0x014b, 0x015f, 0x0176, 0x018c,
  0x013d, 0x0132, 0x0126, 0x011d, 0x0116, 0x0110, 0x010c, 0x010a, 0x0109, 0x0108, 0x0107, 0x0107, 0x0107, 0x0107, 0x0106, 0x0107,
  0x0107, 0x0108, 0x0109, 0x010b, 0x010e, 0x0112, 0x0117, 0x011c, 0x0125, 0x012f, 0x013d, 0x014f, 0x0165, 0x017e, 0x01a1, 0x0151,
  0x0130, 0x012a, 0x011f, 0x0116, 0x0110, 0x010b, 0x0108, 0x010a, 0x0109, 0x0107, 0x0106, 0x010b, 0x0108, 0x0108, 0x0107, 0x0108,
  0x010a, 0x0109, 0x010b, 0x010f, 0x0117, 0x0114, 0x0120, 0x0124, 0x0134, 0x013a, 0x0153, 0x016a, 0x0188, 0x01a0,
};

static const uint16_t kOs02n10Lsc5c0[] = {
  0x015d, 0x0151, 0x0146, 0x013c, 0x0132, 0x012d, 0x0128, 0x0120, 0x0120, 0x011b, 0x011a, 0x011a, 0x0118, 0x0117, 0x0114, 0x0118,
  0x0118, 0x011b, 0x011f, 0x0123, 0x0128, 0x0126, 0x0135, 0x0139, 0x0144, 0x0153, 0x0169, 0x0180, 0x019a, 0x01bc, 0x01ce, 0x0159,
  0x014a, 0x0140, 0x0137, 0x012f, 0x0128, 0x0122, 0x011e, 0x011a, 0x0118, 0x0116, 0x0115, 0x0114, 0x0113, 0x0113, 0x0113, 0x0115,
  0x0117, 0x011a, 0x011e, 0x0121, 0x0126, 0x012c, 0x0135, 0x0140, 0x014f, 0x0161, 0x0176, 0x018f, 0x01a9, 0x01c5, 0x0149, 0x0144,
  0x013a, 0x0131, 0x012a, 0x0123, 0x011e, 0x011a, 0x0116, 0x0114, 0x0112, 0x0111, 0x0110, 0x010f, 0x010f, 0x0110, 0x0111, 0x0113,
  0x0116, 0x0119, 0x011d, 0x0121, 0x0128, 0x0130, 0x013b, 0x0148, 0x0159, 0x016c, 0x0183, 0x019b, 0x01b7, 0x0149, 0x013e, 0x0135,
  0x012c, 0x0125, 0x011f, 0x011a, 0x0116, 0x0113, 0x0110, 0x010f, 0x010d, 0x010c, 0x010c, 0x010c, 0x010d, 0x010e, 0x0110, 0x0112,
  0x0115, 0x0118, 0x011d, 0x0123, 0x012b, 0x0135, 0x0141, 0x0151, 0x0163, 0x0178, 0x018f, 0x01a6, 0x0143, 0x0139, 0x0130, 0x0128,
  0x0121, 0x011b, 0x0116, 0x0113, 0x0110, 0x010d, 0x010c, 0x010a, 0x010a, 0x0109, 0x0109, 0x010a, 0x010b, 0x010d, 0x010f, 0x0111,
  0x0115, 0x0119, 0x011f, 0x0126, 0x0130, 0x013b, 0x014a, 0x015b, 0x016f, 0x0184, 0x019a, 0x013d, 0x0136, 0x012d, 0x0124, 0x011e,
  0x0118, 0x0114, 0x0110, 0x010d, 0x010b, 0x0109, 0x0108, 0x0107, 0x0107, 0x0107, 0x0108, 0x0109, 0x010a, 0x010c, 0x010f, 0x0112,
  0x0116, 0x011c, 0x0123, 0x012b, 0x0137, 0x0144, 0x0155, 0x0168, 0x017c, 0x0194, 0x0140, 0x0132, 0x012a, 0x0122, 0x011b, 0x0116,
  0x0111, 0x010e, 0x010b, 0x0109, 0x0107, 0x0106, 0x0105, 0x0105, 0x0105, 0x0106, 0x0107, 0x0108, 0x010a, 0x010d, 0x0110, 0x0114,
  0x0119, 0x0120, 0x0128, 0x0133, 0x0140, 0x0150, 0x0163, 0x0177, 0x018a, 0x0137, 0x0130, 0x0127, 0x0120, 0x0119, 0x0114, 0x0110,
  0x010d, 0x010a, 0x0108, 0x0106, 0x0105, 0x0104, 0x0104, 0x0104, 0x0104, 0x0105, 0x0107, 0x0109, 0x010b, 0x010e, 0x0112, 0x0118,
  0x011e, 0x0126, 0x0131, 0x013d, 0x014d, 0x015f, 0x0173, 0x0189, 0x0135, 0x012d, 0x0125, 0x011e, 0x0118, 0x0113, 0x010f, 0x010c,
  0x0109, 0x0107, 0x0105, 0x0104, 0x0103, 0x0103, 0x0103, 0x0103, 0x0104, 0x0106, 0x0108, 0x010a, 0x010d, 0x0111, 0x0116, 0x011d,
  0x0125, 0x012f, 0x013c, 0x014b, 0x015d, 0x0171, 0x0185, 0x0134, 0x012c, 0x0124, 0x011d, 0x0117, 0x0112, 0x010e, 0x010b, 0x0108,
  0x0106, 0x0104, 0x0103, 0x0102, 0x0102, 0x0102, 0x0102, 0x0103, 0x0105, 0x0107, 0x0109, 0x010d, 0x0111, 0x0116, 0x011c, 0x0124,
  0x012e, 0x013b, 0x014a, 0x015c, 0x016f, 0x0186, 0x0134, 0x012c, 0x0124, 0x011d, 0x0117, 0x0112, 0x010e, 0x010a, 0x0108, 0x0106,
  0x0104, 0x0103, 0x0102, 0x0101, 0x0101, 0x0102, 0x0103, 0x0104, 0x0106, 0x0109, 0x010c, 0x0110, 0x0115, 0x011c, 0x0124, 0x012f,
  0x013b, 0x014a, 0x015c, 0x016f, 0x0181, 0x0135, 0x012d, 0x0124, 0x011d, 0x0117, 0x0112, 0x010e, 0x010a, 0x0108, 0x0105, 0x0104,
  0x0103, 0x0102, 0x0101, 0x0101, 0x0102, 0x0103, 0x0104, 0x0106, 0x0109, 0x010c, 0x0110, 0x0116, 0x011c, 0x0125, 0x012f, 0x013c,
  0x014c, 0x015e, 0x0171, 0x0187, 0x0139, 0x012e, 0x0126, 0x011e, 0x0117, 0x0112, 0x010e, 0x010a, 0x0108, 0x0106, 0x0104, 0x0103,
  0x0102, 0x0101, 0x0102, 0x0102, 0x0103, 0x0104, 0x0107, 0x0109, 0x010d, 0x0111, 0x0117, 0x011d, 0x0126, 0x0131, 0x013f, 0x014f,
  0x0161, 0x0176, 0x0188, 0x0139, 0x0131, 0x0127, 0x011f, 0x0118, 0x0113, 0x010e, 0x010b, 0x0108, 0x0106, 0x0105, 0x0103, 0x0102,
  0x0102, 0x0102, 0x0103, 0x0104, 0x0105, 0x0107, 0x010a, 0x010d, 0x0112, 0x0118, 0x011f, 0x0128, 0x0134, 0x0142, 0x0153, 0x0166,
  0x017b, 0x0195, 0x013f, 0x0133, 0x0129, 0x0121, 0x011a, 0x0114, 0x010f, 0x010c, 0x0109, 0x0107, 0x0105, 0x0104, 0x0103, 0x0103,
  0x0103, 0x0104, 0x0105, 0x0106, 0x0108, 0x010b, 0x010f, 0x0113, 0x0119, 0x0121, 0x012b, 0x0137, 0x0146, 0x0158, 0x016c, 0x0183,
  0x019b, 0x013f, 0x0136, 0x012c, 0x0123, 0x011b, 0x0115, 0x0110, 0x010d, 0x010a, 0x0108, 0x0106, 0x0105, 0x0104, 0x0104, 0x0104,
  0x0105, 0x0106, 0x0107, 0x010a, 0x010c, 0x0110, 0x0115, 0x011b, 0x0123, 0x012d, 0x013a, 0x014a, 0x015d, 0x0173, 0x018c, 0x01a3,
  0x0148, 0x0139, 0x012e, 0x0125, 0x011c, 0x0116, 0x0111, 0x010e, 0x010b, 0x0109, 0x0107, 0x0106, 0x0105, 0x0105, 0x0105, 0x0106,
  0x0107, 0x0109, 0x010a, 0x010e, 0x0111, 0x0116, 0x011c, 0x0124, 0x012f, 0x013d, 0x014e, 0x0162, 0x017a, 0x0196, 0x01b7, 0x0145,
  0x013d, 0x0132, 0x0125, 0x011e, 0x0116, 0x0111, 0x010d, 0x010e, 0x0109, 0x0108, 0x0108, 0x0108, 0x0105, 0x0106, 0x0107, 0x010c,
  0x0109, 0x010a, 0x010f, 0x0114, 0x0115, 0x011e, 0x0125, 0x012d, 0x0140, 0x0152, 0x0166, 0x017f, 0x01a2, 0x01c0,
};

static const uint16_t kOs02n10Lsc5c1[] = {
  0x015f, 0x014f, 0x0141, 0x0136, 0x012f, 0x012a, 0x0129, 0x011f, 0x011e, 0x011b, 0x011a, 0x0118, 0x011b, 0x011b, 0x0117, 0x011c,
  0x011c, 0x011d, 0x0121, 0x0122, 0x0126, 0x012e, 0x0135, 0x0138, 0x0142, 0x0151, 0x0161, 0x017c, 0x0192, 0x01b1, 0x01de, 0x0154,
  0x0147, 0x013c, 0x0133, 0x012b, 0x0126, 0x0121, 0x011d, 0x0119, 0x0117, 0x0116, 0x0115, 0x0115, 0x0115, 0x0115, 0x0116, 0x0117,
  0x0119, 0x011b, 0x011e, 0x0122, 0x0127, 0x012d, 0x0134, 0x013e, 0x014b, 0x015c, 0x0171, 0x0189, 0x01a7, 0x01c3, 0x0147, 0x0140,
  0x0136, 0x012e, 0x0126, 0x0121, 0x011c, 0x0118, 0x0116, 0x0113, 0x0112, 0x0111, 0x0111, 0x0111, 0x0111, 0x0112, 0x0113, 0x0114,
  0x0117, 0x0119, 0x011d, 0x0122, 0x0128, 0x012f, 0x0138, 0x0145, 0x0154, 0x0168, 0x017e, 0x0197, 0x01b6, 0x0144, 0x0139, 0x0130,
  0x0129, 0x0122, 0x011c, 0x0118, 0x0114, 0x0112, 0x0110, 0x010e, 0x010d, 0x010d, 0x010d, 0x010d, 0x010e, 0x010f, 0x0110, 0x0112,
  0x0115, 0x0118, 0x011d, 0x0122, 0x0129, 0x0133, 0x013e, 0x014d, 0x015e, 0x0173, 0x0189, 0x01a0, 0x013b, 0x0134, 0x012c, 0x0124,
  0x011e, 0x0118, 0x0114, 0x0111, 0x010f, 0x010d, 0x010b, 0x010a, 0x010a, 0x010a, 0x010a, 0x010b, 0x010c, 0x010d, 0x010f, 0x0112,
  0x0115, 0x0119, 0x011e, 0x0125, 0x012d, 0x0138, 0x0146, 0x0156, 0x0169, 0x017d, 0x0192, 0x0138, 0x012f, 0x0128, 0x0120, 0x011a,
  0x0115, 0x0112, 0x010e, 0x010c, 0x010a, 0x0109, 0x0108, 0x0107, 0x0107, 0x0107, 0x0108, 0x0109, 0x010a, 0x010c, 0x010f, 0x0112,
  0x0116, 0x011b, 0x0121, 0x0129, 0x0133, 0x0140, 0x0150, 0x0161, 0x0174, 0x0186, 0x0133, 0x012c, 0x0124, 0x011e, 0x0118, 0x0113,
  0x010f, 0x010c, 0x010a, 0x0108, 0x0107, 0x0106, 0x0105, 0x0105, 0x0105, 0x0106, 0x0107, 0x0108, 0x010a, 0x010d, 0x0110, 0x0113,
  0x0118, 0x011e, 0x0126, 0x0130, 0x013c, 0x014b, 0x015c, 0x016e, 0x0180, 0x012f, 0x0129, 0x0122, 0x011c, 0x0116, 0x0111, 0x010e,
  0x010b, 0x0109, 0x0107, 0x0105, 0x0104, 0x0104, 0x0104, 0x0104, 0x0104, 0x0105, 0x0107, 0x0109, 0x010b, 0x010e, 0x0112, 0x0116,
  0x011c, 0x0124, 0x012d, 0x0139, 0x0148, 0x0159, 0x016b, 0x017d, 0x0132, 0x0128, 0x0121, 0x011a, 0x0115, 0x0110, 0x010d, 0x010a,
  0x0107, 0x0106, 0x0104, 0x0103, 0x0103, 0x0103, 0x0103, 0x0103, 0x0104, 0x0106, 0x0108, 0x010a, 0x010d, 0x0110, 0x0115, 0x011b,
  0x0122, 0x012c, 0x0138, 0x0146, 0x0157, 0x0169, 0x017f, 0x0130, 0x0127, 0x0120, 0x0119, 0x0114, 0x010f, 0x010c, 0x0109, 0x0107,
  0x0105, 0x0104, 0x0103, 0x0102, 0x0102, 0x0102, 0x0102, 0x0103, 0x0105, 0x0107, 0x0109, 0x010c, 0x0110, 0x0114, 0x011a, 0x0122,
  0x012b, 0x0137, 0x0145, 0x0156, 0x0169, 0x017b, 0x012e, 0x0126, 0x011f, 0x0119, 0x0113, 0x010f, 0x010b, 0x0109, 0x0106, 0x0105,
  0x0103, 0x0102, 0x0102, 0x0101, 0x0101, 0x0102, 0x0103, 0x0104, 0x0106, 0x0109, 0x010c, 0x010f, 0x0114, 0x011a, 0x0122, 0x012b,
  0x0137, 0x0146, 0x0157, 0x016a, 0x0180, 0x012c, 0x0127, 0x0120, 0x0119, 0x0114, 0x010f, 0x010b, 0x0109, 0x0106, 0x0105, 0x0103,
  0x0102, 0x0102, 0x0101, 0x0101, 0x0102, 0x0103, 0x0104, 0x0106, 0x0109, 0x010c, 0x0110, 0x0114, 0x011b, 0x0122, 0x012c, 0x0138,
  0x0147, 0x0159, 0x016c, 0x0182, 0x0131, 0x0128, 0x0121, 0x011a, 0x0114, 0x0110, 0x010c, 0x0109, 0x0107, 0x0105, 0x0104, 0x0103,
  0x0102, 0x0102, 0x0102, 0x0102, 0x0103, 0x0105, 0x0107, 0x0109, 0x010c, 0x0110, 0x0115, 0x011c, 0x0124, 0x012e, 0x013b, 0x014a,
  0x015c, 0x0170, 0x0185, 0x0131, 0x012a, 0x0122, 0x011b, 0x0115, 0x0111, 0x010d, 0x010a, 0x0108, 0x0106, 0x0105, 0x0104, 0x0103,
  0x0103, 0x0103, 0x0103, 0x0104, 0x0106, 0x0108, 0x010a, 0x010e, 0x0112, 0x0117, 0x011e, 0x0126, 0x0131, 0x013e, 0x014e, 0x0162,
  0x0177, 0x018c, 0x0135, 0x012d, 0x0125, 0x011d, 0x0117, 0x0112, 0x010e, 0x010b, 0x0109, 0x0107, 0x0106, 0x0105, 0x0104, 0x0104,
  0x0104, 0x0105, 0x0106, 0x0107, 0x0109, 0x010c, 0x010f, 0x0114, 0x0119, 0x0120, 0x0129, 0x0134, 0x0142, 0x0154, 0x0168, 0x017f,
  0x0198, 0x0139, 0x0131, 0x0128, 0x0120, 0x0119, 0x0114, 0x0110, 0x010d, 0x010b, 0x0109, 0x0108, 0x0107, 0x0106, 0x0106, 0x0106,
  0x0107, 0x0108, 0x0109, 0x010b, 0x010e, 0x0111, 0x0116, 0x011c, 0x0123, 0x012d, 0x0138, 0x0147, 0x015a, 0x0170, 0x0189, 0x01a2,
  0x0142, 0x0136, 0x012b, 0x0122, 0x011b, 0x0116, 0x0112, 0x010f, 0x010d, 0x010b, 0x010a, 0x0109, 0x0109, 0x0108, 0x0109, 0x0109,
  0x010a, 0x010b, 0x010d, 0x010f, 0x0113, 0x0118, 0x011e, 0x0126, 0x0130, 0x013c, 0x014c, 0x015f, 0x0178, 0x0195, 0x01b1, 0x014b,
  0x013c, 0x012c, 0x0122, 0x011f, 0x0117, 0x0115, 0x0112, 0x010e, 0x010d, 0x010e, 0x010c, 0x010a, 0x010c, 0x010a, 0x010d, 0x010c,
  0x0110, 0x010e, 0x010f, 0x0116, 0x011a, 0x0120, 0x012b, 0x0132, 0x013c, 0x014e, 0x0167, 0x017d, 0x019b, 0x01d6,
};

static const uint16_t kOs02n10Lsc5c2[] = {
  0x0160, 0x014d, 0x0142, 0x0138, 0x012f, 0x0128, 0x0126, 0x0122, 0x011f, 0x011d, 0x011b, 0x011c, 0x011a, 0x0119, 0x011b, 0x011a,
  0x0119, 0x011c, 0x011e, 0x0122, 0x0124, 0x012d, 0x0131, 0x013b, 0x0144, 0x0150, 0x0161, 0x0178, 0x018d, 0x01ac, 0x01d7, 0x014f,
  0x0146, 0x013c, 0x0133, 0x012b, 0x0125, 0x0120, 0x011d, 0x011a, 0x0118, 0x0117, 0x0116, 0x0115, 0x0115, 0x0115, 0x0115, 0x0116,
  0x0117, 0x011a, 0x011d, 0x0121, 0x0126, 0x012d, 0x0134, 0x013e, 0x014b, 0x015a, 0x016e, 0x0185, 0x01a0, 0x01b9, 0x0148, 0x013e,
  0x0136, 0x012d, 0x0126, 0x0120, 0x011c, 0x0119, 0x0116, 0x0114, 0x0112, 0x0111, 0x0111, 0x0111, 0x0111, 0x0111, 0x0112, 0x0113,
  0x0115, 0x0118, 0x011c, 0x0121, 0x0127, 0x012e, 0x0138, 0x0144, 0x0153, 0x0165, 0x017a, 0x0191, 0x01ab, 0x013f, 0x0139, 0x0130,
  0x0128, 0x0122, 0x011c, 0x0118, 0x0114, 0x0112, 0x0110, 0x010e, 0x010d, 0x010d, 0x010d, 0x010d, 0x010d, 0x010e, 0x0110, 0x0112,
  0x0114, 0x0118, 0x011c, 0x0122, 0x0129, 0x0132, 0x013d, 0x014b, 0x015c, 0x016f, 0x0184, 0x0197, 0x013e, 0x0134, 0x012b, 0x0124,
  0x011e, 0x0118, 0x0114, 0x0111, 0x010f, 0x010d, 0x010b, 0x010a, 0x010a, 0x0109, 0x010a, 0x010a, 0x010b, 0x010c, 0x010e, 0x0111,
  0x0114, 0x0118, 0x011d, 0x0124, 0x012c, 0x0137, 0x0144, 0x0154, 0x0166, 0x017a, 0x018f, 0x0139, 0x0130, 0x0128, 0x0120, 0x011a,
  0x0116, 0x0112, 0x010e, 0x010c, 0x010a, 0x0109, 0x0108, 0x0107, 0x0107, 0x0107, 0x0108, 0x0109, 0x010a, 0x010c, 0x010e, 0x0111,
  0x0115, 0x011a, 0x0120, 0x0128, 0x0132, 0x013f, 0x014e, 0x0160, 0x0172, 0x0185, 0x0133, 0x012c, 0x0125, 0x011e, 0x0118, 0x0113,
  0x010f, 0x010c, 0x010a, 0x0108, 0x0107, 0x0106, 0x0105, 0x0105, 0x0105, 0x0106, 0x0107, 0x0108, 0x010a, 0x010c, 0x010f, 0x0113,
  0x0117, 0x011d, 0x0125, 0x012f, 0x013b, 0x0149, 0x015b, 0x016d, 0x0181, 0x012f, 0x0129, 0x0122, 0x011c, 0x0116, 0x0112, 0x010e,
  0x010b, 0x0109, 0x0107, 0x0105, 0x0104, 0x0104, 0x0103, 0x0104, 0x0104, 0x0105, 0x0107, 0x0108, 0x010b, 0x010d, 0x0111, 0x0115,
  0x011b, 0x0123, 0x012c, 0x0138, 0x0146, 0x0157, 0x016a, 0x017f, 0x0130, 0x0128, 0x0121, 0x011a, 0x0115, 0x0110, 0x010d, 0x010a,
  0x0108, 0x0106, 0x0104, 0x0103, 0x0103, 0x0102, 0x0103, 0x0103, 0x0104, 0x0105, 0x0107, 0x0109, 0x010c, 0x0110, 0x0114, 0x011a,
  0x0121, 0x012b, 0x0136, 0x0145, 0x0156, 0x0168, 0x017d, 0x0130, 0x0127, 0x0120, 0x0119, 0x0114, 0x010f, 0x010c, 0x0109, 0x0107,
  0x0105, 0x0104, 0x0103, 0x0102, 0x0102, 0x0102, 0x0102, 0x0103, 0x0105, 0x0106, 0x0109, 0x010c, 0x010f, 0x0114, 0x0119, 0x0121,
  0x012a, 0x0136, 0x0144, 0x0155, 0x0167, 0x017a, 0x0130, 0x0127, 0x0120, 0x0119, 0x0114, 0x010f, 0x010c, 0x0109, 0x0106, 0x0105,
  0x0103, 0x0102, 0x0102, 0x0101, 0x0101, 0x0102, 0x0103, 0x0104, 0x0106, 0x0108, 0x010b, 0x010f, 0x0113, 0x0119, 0x0121, 0x012a,
  0x0136, 0x0144, 0x0155, 0x0168, 0x017d, 0x012f, 0x0127, 0x0120, 0x0119, 0x0114, 0x010f, 0x010c, 0x0109, 0x0107, 0x0105, 0x0103,
  0x0102, 0x0102, 0x0101, 0x0101, 0x0102, 0x0103, 0x0104, 0x0106, 0x0108, 0x010b, 0x010f, 0x0114, 0x011a, 0x0121, 0x012b, 0x0137,
  0x0146, 0x0157, 0x016a, 0x017e, 0x012e, 0x0128, 0x0121, 0x011a, 0x0114, 0x0110, 0x010c, 0x0109, 0x0107, 0x0105, 0x0104, 0x0103,
  0x0102, 0x0102, 0x0102, 0x0102, 0x0103, 0x0105, 0x0107, 0x0109, 0x010c, 0x0110, 0x0115, 0x011b, 0x0123, 0x012d, 0x0139, 0x0149,
  0x015a, 0x016d, 0x0180, 0x0130, 0x012a, 0x0122, 0x011b, 0x0116, 0x0111, 0x010d, 0x010a, 0x0108, 0x0106, 0x0105, 0x0104, 0x0103,
  0x0103, 0x0103, 0x0103, 0x0104, 0x0106, 0x0108, 0x010a, 0x010d, 0x0111, 0x0116, 0x011d, 0x0125, 0x0130, 0x013d, 0x014d, 0x015f,
  0x0174, 0x0187, 0x0138, 0x012d, 0x0125, 0x011e, 0x0118, 0x0113, 0x010f, 0x010c, 0x0109, 0x0108, 0x0106, 0x0105, 0x0105, 0x0104,
  0x0104, 0x0105, 0x0106, 0x0107, 0x0109, 0x010c, 0x010f, 0x0113, 0x0119, 0x0120, 0x0128, 0x0133, 0x0141, 0x0152, 0x0166, 0x017c,
  0x0197, 0x013b, 0x0132, 0x0129, 0x0120, 0x011a, 0x0115, 0x0111, 0x010e, 0x010b, 0x010a, 0x0109, 0x0108, 0x0107, 0x0106, 0x0106,
  0x0107, 0x0108, 0x0109, 0x010b, 0x010e, 0x0112, 0x0116, 0x011c, 0x0123, 0x012c, 0x0137, 0x0146, 0x0158, 0x016e, 0x0186, 0x019c,
  0x0140, 0x0136, 0x012c, 0x0123, 0x011c, 0x0116, 0x0113, 0x0110, 0x010e, 0x010c, 0x010b, 0x010a, 0x0109, 0x0109, 0x0108, 0x0109,
  0x010a, 0x010b, 0x010d, 0x0110, 0x0114, 0x0119, 0x011e, 0x0125, 0x012f, 0x013a, 0x014a, 0x015e, 0x0175, 0x0191, 0x01ae, 0x014a,
  0x013d, 0x012e, 0x0127, 0x011b, 0x0118, 0x0115, 0x0115, 0x010d, 0x0110, 0x010f, 0x010f, 0x010d, 0x010a, 0x010c, 0x010b, 0x010c,
  0x010f, 0x0110, 0x0111, 0x011a, 0x011a, 0x0122, 0x0129, 0x012e, 0x0140, 0x014b, 0x0161, 0x0180, 0x0196, 0x01ca,
};

static const uint16_t kOs02n10Lsc5c3[] = {
  0x015d, 0x014b, 0x013e, 0x0135, 0x012f, 0x012a, 0x0124, 0x011d, 0x011d, 0x011c, 0x011c, 0x011b, 0x011a, 0x011b, 0x011b, 0x011c,
  0x0119, 0x011e, 0x011d, 0x011d, 0x0127, 0x0129, 0x0130, 0x0138, 0x013f, 0x0151, 0x0161, 0x0177, 0x0192, 0x01b0, 0x01ce, 0x014b,
  0x0143, 0x0139, 0x0130, 0x0129, 0x0124, 0x011f, 0x011b, 0x0118, 0x0117, 0x0116, 0x0115, 0x0115, 0x0115, 0x0115, 0x0115, 0x0116,
  0x0117, 0x0119, 0x011b, 0x011f, 0x0124, 0x012a, 0x0132, 0x013c, 0x0149, 0x015a, 0x016e, 0x0186, 0x01a0, 0x01bd, 0x0145, 0x013b,
  0x0132, 0x012a, 0x0124, 0x011e, 0x011a, 0x0116, 0x0114, 0x0112, 0x0111, 0x0110, 0x0110, 0x0110, 0x0110, 0x0111, 0x0111, 0x0113,
  0x0114, 0x0117, 0x011a, 0x011f, 0x0125, 0x012c, 0x0136, 0x0142, 0x0151, 0x0164, 0x017a, 0x0191, 0x01aa, 0x013d, 0x0135, 0x012c,
  0x0125, 0x011e, 0x0119, 0x0115, 0x0112, 0x0110, 0x010e, 0x010d, 0x010c, 0x010c, 0x010c, 0x010c, 0x010c, 0x010d, 0x010f, 0x0110,
  0x0113, 0x0116, 0x011a, 0x011f, 0x0126, 0x012f, 0x013b, 0x0149, 0x015a, 0x016e, 0x0184, 0x019a, 0x0136, 0x012f, 0x0128, 0x0120,
  0x011a, 0x0115, 0x0111, 0x010f, 0x010c, 0x010b, 0x010a, 0x0109, 0x0109, 0x0108, 0x0109, 0x0109, 0x010a, 0x010b, 0x010d, 0x010f,
  0x0112, 0x0116, 0x011b, 0x0122, 0x012a, 0x0135, 0x0142, 0x0152, 0x0165, 0x017a, 0x018f, 0x0135, 0x012b, 0x0124, 0x011d, 0x0117,
  0x0112, 0x010f, 0x010c, 0x010a, 0x0108, 0x0107, 0x0106, 0x0106, 0x0106, 0x0106, 0x0107, 0x0108, 0x0109, 0x010a, 0x010d, 0x010f,
  0x0113, 0x0118, 0x011e, 0x0126, 0x0130, 0x013c, 0x014c, 0x015e, 0x0172, 0x0187, 0x0130, 0x0129, 0x0121, 0x011a, 0x0115, 0x0110,
  0x010d, 0x010a, 0x0108, 0x0106, 0x0105, 0x0105, 0x0104, 0x0104, 0x0104, 0x0105, 0x0106, 0x0107, 0x0109, 0x010b, 0x010d, 0x0111,
  0x0115, 0x011b, 0x0123, 0x012c, 0x0138, 0x0147, 0x0159, 0x016c, 0x017f, 0x012f, 0x0127, 0x011f, 0x0118, 0x0113, 0x010f, 0x010b,
  0x0109, 0x0107, 0x0105, 0x0104, 0x0103, 0x0103, 0x0103, 0x0103, 0x0104, 0x0104, 0x0106, 0x0107, 0x0109, 0x010c, 0x010f, 0x0114,
  0x0119, 0x0120, 0x012a, 0x0136, 0x0144, 0x0155, 0x0168, 0x017c, 0x012f, 0x0125, 0x011e, 0x0117, 0x0112, 0x010e, 0x010a, 0x0108,
  0x0106, 0x0104, 0x0103, 0x0102, 0x0102, 0x0102, 0x0102, 0x0103, 0x0103, 0x0105, 0x0106, 0x0108, 0x010b, 0x010e, 0x0112, 0x0118,
  0x011f, 0x0128, 0x0134, 0x0142, 0x0153, 0x0165, 0x017b, 0x012a, 0x0124, 0x011d, 0x0116, 0x0111, 0x010d, 0x010a, 0x0107, 0x0105,
  0x0104, 0x0103, 0x0102, 0x0101, 0x0101, 0x0101, 0x0102, 0x0103, 0x0104, 0x0106, 0x0108, 0x010a, 0x010e, 0x0112, 0x0117, 0x011f,
  0x0128, 0x0133, 0x0141, 0x0152, 0x0164, 0x0175, 0x012d, 0x0124, 0x011d, 0x0116, 0x0111, 0x010d, 0x010a, 0x0107, 0x0105, 0x0104,
  0x0103, 0x0102, 0x0101, 0x0101, 0x0101, 0x0102, 0x0103, 0x0104, 0x0105, 0x0107, 0x010a, 0x010d, 0x0112, 0x0117, 0x011f, 0x0128,
  0x0133, 0x0142, 0x0152, 0x0164, 0x0179, 0x012f, 0x0125, 0x011d, 0x0116, 0x0111, 0x010d, 0x010a, 0x0107, 0x0105, 0x0104, 0x0103,
  0x0102, 0x0101, 0x0101, 0x0101, 0x0102, 0x0103, 0x0104, 0x0105, 0x0108, 0x010a, 0x010e, 0x0112, 0x0118, 0x011f, 0x0129, 0x0135,
  0x0143, 0x0155, 0x0167, 0x017a, 0x012d, 0x0125, 0x011e, 0x0117, 0x0112, 0x010d, 0x010a, 0x0108, 0x0106, 0x0104, 0x0103, 0x0102,
  0x0102, 0x0102, 0x0102, 0x0102, 0x0103, 0x0104, 0x0106, 0x0108, 0x010b, 0x010f, 0x0113, 0x0119, 0x0121, 0x012b, 0x0137, 0x0146,
  0x0158, 0x016c, 0x0182, 0x012d, 0x0127, 0x0120, 0x0119, 0x0113, 0x010f, 0x010b, 0x0109, 0x0107, 0x0105, 0x0104, 0x0103, 0x0103,
  0x0103, 0x0103, 0x0103, 0x0104, 0x0105, 0x0107, 0x0109, 0x010c, 0x0110, 0x0115, 0x011b, 0x0123, 0x012e, 0x013b, 0x014b, 0x015e,
  0x0173, 0x0188, 0x0134, 0x012a, 0x0123, 0x011b, 0x0115, 0x0110, 0x010d, 0x010a, 0x0108, 0x0107, 0x0105, 0x0105, 0x0104, 0x0104,
  0x0104, 0x0105, 0x0106, 0x0107, 0x0109, 0x010b, 0x010e, 0x0112, 0x0117, 0x011e, 0x0126, 0x0131, 0x013f, 0x0150, 0x0164, 0x017a,
  0x0196, 0x0138, 0x012f, 0x0126, 0x011e, 0x0118, 0x0112, 0x010e, 0x010b, 0x010a, 0x0108, 0x0107, 0x0106, 0x0106, 0x0106, 0x0106,
  0x0107, 0x0108, 0x0109, 0x010b, 0x010d, 0x0110, 0x0114, 0x011a, 0x0121, 0x012a, 0x0135, 0x0144, 0x0156, 0x016c, 0x0184, 0x0199,
  0x013d, 0x0134, 0x012a, 0x0121, 0x011a, 0x0114, 0x010f, 0x010d, 0x010b, 0x010a, 0x0109, 0x0108, 0x0108, 0x0107, 0x0107, 0x0108,
  0x010a, 0x010c, 0x010d, 0x010f, 0x0112, 0x0116, 0x011c, 0x0123, 0x012c, 0x0138, 0x0147, 0x015b, 0x0173, 0x018f, 0x01ac, 0x014c,
  0x0139, 0x012e, 0x0124, 0x011d, 0x0114, 0x0111, 0x010a, 0x010f, 0x010d, 0x010c, 0x010a, 0x010c, 0x0107, 0x010a, 0x010a, 0x010d,
  0x0110, 0x0110, 0x010f, 0x0112, 0x011a, 0x011c, 0x0129, 0x012e, 0x0138, 0x0149, 0x0161, 0x017a, 0x0193, 0x01cb,
};

static const uint16_t kOs02n10LscW = 1920;
static const uint16_t kOs02n10LscH = 1080;
static const uint16_t kOs02n10LscN = 558;
static const uint8_t kOs02n10LscSets = 6;
static const uint16_t kOs02n10LscCt[] = { 2856, 3000, 3500, 4000, 5000, 6500 };
static const uint16_t *const kOs02n10LscCh[6][4] = {
  { kOs02n10Lsc0c0, kOs02n10Lsc0c1, kOs02n10Lsc0c2, kOs02n10Lsc0c3 },
  { kOs02n10Lsc1c0, kOs02n10Lsc1c1, kOs02n10Lsc1c2, kOs02n10Lsc1c3 },
  { kOs02n10Lsc2c0, kOs02n10Lsc2c1, kOs02n10Lsc2c2, kOs02n10Lsc2c3 },
  { kOs02n10Lsc3c0, kOs02n10Lsc3c1, kOs02n10Lsc3c2, kOs02n10Lsc3c3 },
  { kOs02n10Lsc4c0, kOs02n10Lsc4c1, kOs02n10Lsc4c2, kOs02n10Lsc4c3 },
  { kOs02n10Lsc5c0, kOs02n10Lsc5c1, kOs02n10Lsc5c2, kOs02n10Lsc5c3 },
};
static const uint8_t kOs02n10HasLsc = 1;

static const float kOs02n10Ccm[][10] = {
  { 2200.0f, 1.000000f, 0.000000f, 0.000000f, 0.000000f, 1.000000f, 0.000000f, 0.000000f, 0.000000f, 1.000000f },
  { 2491.0f, 1.687900f, -0.682200f, 0.000300f, -0.695500f, 2.182900f, -0.487400f, -0.121700f, -4.883200f, 6.004900f },
  { 2856.0f, 1.534000f, -0.534400f, 0.000400f, -0.724500f, 2.297400f, -0.572900f, -0.118000f, -1.590300f, 2.708200f },
  { 3000.0f, 1.422000f, -0.422600f, 0.000600f, -0.687100f, 2.148700f, -0.461600f, -0.204600f, -1.094200f, 2.298800f },
  { 3500.0f, 1.460200f, -0.461000f, 0.000800f, -0.631000f, 2.088700f, -0.455700f, -0.125100f, -0.957300f, 2.082500f },
  { 4000.0f, 1.491900f, -0.471300f, -0.020600f, -0.454700f, 1.697900f, -0.243200f, -0.112300f, -0.823900f, 1.936200f },
  { 5000.0f, 1.539500f, -0.539700f, 0.000100f, -0.433800f, 1.687100f, -0.253300f, -0.088600f, -0.765000f, 1.853600f },
  { 6501.0f, 1.485600f, -0.422400f, -0.063200f, -0.365300f, 1.584100f, -0.218800f, -0.073400f, -0.645100f, 1.718500f },
  { 7500.0f, 1.827000f, -0.722000f, -0.105100f, -0.325600f, 1.580200f, -0.254600f, -0.052300f, -0.575400f, 1.627700f },
  { 12000.0f, 1.000000f, 0.000000f, 0.000000f, 0.000000f, 1.000000f, 0.000000f, 0.000000f, 0.000000f, 1.000000f },
};
static const uint8_t kOs02n10CcmN = 10;
static const float kOs02n10LowLumaThr = 28.0f;
static const float kOs02n10LowLumaM[9] = { 1.000000f, 0.000000f, 0.000000f, 0.000000f, 1.000000f, 0.000000f, 0.000000f, 0.000000f, 1.000000f };

static const float kOs02n10AwbRef[][4] = {
  { 0.0f, 0.0f, 0.0f, 0.0f },
};
static const uint8_t kOs02n10AwbRefN = 0;
static const float kOs02n10AwbZone[][7] = {
  { 0 },
};
static const uint8_t kOs02n10AwbZoneN = 0;
static const float kOs02n10RgMin = 0.4375f;
static const float kOs02n10RgMax = 0.9106f;
static const float kOs02n10BgMin = 0.3089f;
static const float kOs02n10BgMax = 0.5781f;
static const uint8_t kOs02n10GMin = 96;
static const uint8_t kOs02n10GMax = 210;
static const float kOs02n10NewW = 0.300f;
static const float kOs02n10PrevW = 0.700f;
static const float kOs02n10RScale = 1.000f;
static const float kOs02n10BScale = 1.000f;
static const uint32_t kOs02n10MinCounted = 1200;
static const uint8_t kOs02n10AeTarget = 42;
static const uint8_t kOs02n10AeLow = 39;
static const uint8_t kOs02n10AeHigh = 45;
static const uint8_t kOs02n10AeHiThr = 235;
static const uint8_t kOs02n10AeHiReg = 3;
static const uint8_t kOs02n10AeLoThr = 14;
static const uint8_t kOs02n10AeLoReg = 5;
static const uint8_t kOs02n10AeWt[25] = { 1, 1, 1, 1, 1, 1, 1, 1, 1, 1, 1, 1, 1, 1, 1, 1, 1, 1, 1, 1, 1, 1, 1, 1, 1 };
static const uint8_t kOs02n10AcHz = 50;
static const float kOs02n10IncR = 0.2200f;
static const float kOs02n10DecR = 0.2800f;
static const float kOs02n10EnvK = 250000.0f;
static const float kOs02n10EnvSp[] = { -0.005463f, -0.010018f, 0.000000f, 0.033241f, 0.085583f, 0.136704f, 0.160734f, 0.148777f, 0.148777f, 0.160734f, 0.136704f, 0.085583f, 0.033241f, 0.000000f, -0.010018f, -0.005463f };
static const uint8_t kOs02n10EnvSpN = 16;
static const float kOs02n10Pwl[][2] = {
  { 0.0f, 0.0f },
};
static const uint8_t kOs02n10PwlN = 0;
static const float kOs02n10Blc[][5] = {
  { 1.000f, 16.0f, 16.0f, 16.0f, 16.0f },
};
static const uint8_t kOs02n10BlcN = 1;
static const uint8_t kOs02n10BlcStretch = 0;
static const float kOs02n10Gamma = 0.5850f;
static const uint8_t kOs02n10ShH = 16;
static const uint8_t kOs02n10ShL = 5;
static const float kOs02n10ShHc = 1.6250f;
static const float kOs02n10ShMc = 1.5250f;
static const uint8_t kOs02n10ShMat[9] = { 1, 2, 1, 2, 1, 2, 1, 2, 1 };
static const uint8_t kOs02n10BfLevel = 3;
static const uint8_t kOs02n10BfMat[9] = { 2, 4, 2, 4, 5, 4, 2, 4, 2 };
static const uint8_t kOs02n10Sat = 130;
static const uint8_t kOs02n10Contrast = 132;
